"BEST.ZCH1_SOLL";"BEST.ZCH2_SOLL";"BEST.ZCH3_SOLL";"BEST.GESAMT_SOLL";"BEST.ZCH1_IST";"BEST.ZCH2_IST";"BEST.ZCH3_IST";"BEST.GESAMT_IST";"BEST.ZFW";"BEST.ZFW_NEW";"BEST.MIN_REL";"INDEX";"CORRECT_ZFW";"ERR_BEST_ZFW";"CORRECT_T1";"ERR_BEST_T1"
3;3;3;9;0;0;0;0;9;0;0;86;TRUE;NA;TRUE;NA
3;3;3;9;0;0;1;1;7,33333333333333;1;0;172;TRUE;NA;TRUE;NA
3;3;3;9;0;1;1;2;5,66666666666667;2;0;479;TRUE;NA;TRUE;NA
3;3;3;9;1;1;1;3;4;3;0,333;1167;TRUE;NA;TRUE;NA
3;3;3;9;1;1;2;4;3;3,03685732652804;0,333;1764;TRUE;NA;TRUE;NA
3;3;3;9;2;2;1;5;2;3,07371465305609;0,333;2857;TRUE;NA;TRUE;NA
3;3;3;9;2;2;2;6;1;3,11057197958413;0,667;3691;TRUE;NA;TRUE;NA
3;3;3;9;2;2;3;7;0,666666666666667;3,11193044210292;0,667;4615;TRUE;NA;TRUE;NA
3;3;3;9;2;3;3;8;0,333333333333333;3,11328890462172;0,667;5594;TRUE;NA;TRUE;NA
3;3;3;9;3;3;3;9;0;3,11464736714051;1;6559;TRUE;NA;TRUE;NA
4;3;2;9;0;0;0;0;9;0;0;85;TRUE;NA;TRUE;NA
4;3;2;9;0;0;1;1;7,5;1;0;171;TRUE;NA;TRUE;NA
4;3;2;9;0;1;1;2;5,83333333333333;2;0;478;TRUE;NA;TRUE;NA
4;3;2;9;1;1;1;3;4,08333333333333;3;0,25;1166;TRUE;NA;TRUE;NA
4;3;2;9;2;1;1;4;2,83333333333333;3,08411876203952;0,333;2042;TRUE;NA;TRUE;NA
4;3;2;9;2;2;1;5;1,83333333333333;3,12097608856756;0,5;2856;TRUE;NA;TRUE;NA
4;3;2;9;3;2;1;6;1,08333333333333;3,12805205469463;0,5;3950;TRUE;NA;TRUE;NA
4;3;2;9;3;2;2;7;0,583333333333333;3,13512802082169;0,667;4801;TRUE;NA;TRUE;NA
4;3;2;9;3;3;2;8;0,25;3,13648648334048;0,75;5723;TRUE;NA;TRUE;NA
4;3;2;9;4;3;2;9;0;3,13708170485133;1;6687;TRUE;NA;TRUE;NA
4;4;1;9;0;0;0;0;9;0;0;84;TRUE;NA;TRUE;NA
4;4;1;9;0;0;1;1;8;1;0;170;TRUE;NA;TRUE;NA
4;4;1;9;0;1;1;2;6,25;2;0;477;TRUE;NA;TRUE;NA
4;4;1;9;1;1;1;3;4,5;3;0,25;1165;TRUE;NA;TRUE;NA
4;4;1;9;1;2;1;4;3,25;3,08411876203952;0,25;1841;TRUE;NA;TRUE;NA
4;4;1;9;2;2;1;5;2;3,16823752407904;0,5;2855;TRUE;NA;TRUE;NA
4;4;1;9;2;3;1;6;1,25;3,17531349020611;0,5;3754;TRUE;NA;TRUE;NA
4;4;1;9;3;3;1;7;0,5;3,18238945633317;0,75;4865;TRUE;NA;TRUE;NA
4;4;1;9;3;4;1;8;0,25;3,18298467784401;0,75;5768;TRUE;NA;TRUE;NA
4;4;1;9;4;4;1;9;0;3,18357989935485;1;6731;TRUE;NA;TRUE;NA
5;2;2;9;0;0;0;0;9;0;0;83;TRUE;NA;TRUE;NA
5;2;2;9;0;0;1;1;7,5;1;0;169;TRUE;NA;TRUE;NA
5;2;2;9;0;1;1;2;6;2;0;476;TRUE;NA;TRUE;NA
5;2;2;9;1;1;1;3;4,2;3;0,2;1164;TRUE;NA;TRUE;NA
5;2;2;9;2;1;1;4;2,8;3,13801118920923;0,4;2040;TRUE;NA;TRUE;NA
5;2;2;9;3;1;1;5;1,8;3,15705827755617;0,5;3054;TRUE;NA;TRUE;NA
5;2;2;9;3;1;2;6;1,3;3,16413424368323;0,5;3870;TRUE;NA;TRUE;NA
5;2;2;9;3;2;2;7;0,8;3,1712102098103;0,6;4800;TRUE;NA;TRUE;NA
5;2;2;9;4;2;2;8;0,2;3,17383892112403;0,8;5866;TRUE;NA;TRUE;NA
5;2;2;9;5;2;2;9;0;3,17420171269853;1;6821;TRUE;NA;TRUE;NA
5;3;1;9;0;0;0;0;9;0;0;82;TRUE;NA;TRUE;NA
5;3;1;9;0;0;1;1;8;1;0;168;TRUE;NA;TRUE;NA
5;3;1;9;0;1;1;2;6,33333333333333;2;0;475;TRUE;NA;TRUE;NA
5;3;1;9;1;1;1;3;4,53333333333333;3;0,2;1163;TRUE;NA;TRUE;NA
5;3;1;9;2;1;1;4;3,13333333333333;3,13801118920923;0,333;2039;TRUE;NA;TRUE;NA
5;3;1;9;2;2;1;5;2,13333333333333;3,17486851573727;0,4;2853;TRUE;NA;TRUE;NA
5;3;1;9;3;2;1;6;1,13333333333333;3,19391560408421;0,6;3947;TRUE;NA;TRUE;NA
5;3;1;9;4;2;1;7;0,533333333333333;3,19654431539795;0,667;5056;TRUE;NA;TRUE;NA
5;3;1;9;4;3;1;8;0,2;3,19790277791674;0,8;5929;TRUE;NA;TRUE;NA
5;3;1;9;5;3;1;9;0;3,19826556949124;1;6879;TRUE;NA;TRUE;NA
6;2;1;9;0;0;0;0;9;0;0;81;TRUE;NA;TRUE;NA
6;2;1;9;0;0;1;1;8;1;0;167;TRUE;NA;TRUE;NA
6;2;1;9;0;1;1;2;6,5;2;0;474;TRUE;NA;TRUE;NA
6;2;1;9;1;1;1;3;4,66666666666667;3;0,167;1162;TRUE;NA;TRUE;NA
6;2;1;9;2;1;1;4;3,16666666666667;3,19198262038019;0,333;2038;TRUE;NA;TRUE;NA
6;2;1;9;3;1;1;5;2;3,22883994690823;0,5;3052;TRUE;NA;TRUE;NA
6;2;1;9;3;2;1;6;1,5;3,23591591303529;0,5;3946;TRUE;NA;TRUE;NA
6;2;1;9;4;2;1;7;0,666666666666667;3,24299187916235;0,667;5055;TRUE;NA;TRUE;NA
6;2;1;9;5;2;1;8;0,166666666666667;3,24435034168115;0,833;6107;TRUE;NA;TRUE;NA
6;2;1;9;6;2;1;9;0;3,24461114287519;1;7024;TRUE;NA;TRUE;NA
7;1;1;9;0;0;0;0;9;0;0;80;TRUE;NA;TRUE;NA
7;1;1;9;0;0;1;1;8;1;0;166;TRUE;NA;TRUE;NA
7;1;1;9;0;1;1;2;7;2;0;473;TRUE;NA;TRUE;NA
7;1;1;9;1;1;1;3;5,14285714285714;3;0,143;1161;TRUE;NA;TRUE;NA
7;1;1;9;2;1;1;4;3,57142857142857;3,24302618535723;0,286;2037;TRUE;NA;TRUE;NA
7;1;1;9;3;1;1;5;2,28571428571429;3,30208791212652;0,429;3051;TRUE;NA;TRUE;NA
7;1;1;9;4;1;1;6;1,28571428571429;3,31644145828387;0,571;4144;TRUE;NA;TRUE;NA
7;1;1;9;5;1;1;7;0,571428571428571;3,31992974585284;0,714;5242;TRUE;NA;TRUE;NA
7;1;1;9;6;1;1;8;0,142857142857143;3,32077749107416;0,857;6265;TRUE;NA;TRUE;NA
7;1;1;9;7;1;1;9;0;3,32098351536145;1;7142;TRUE;NA;TRUE;NA
4;3;3;10;0;0;0;0;10;0;0;79;TRUE;NA;TRUE;NA
4;3;3;10;0;0;1;1;8,33333333333333;1;0;165;TRUE;NA;TRUE;NA
4;3;3;10;0;1;1;2;6,66666666666667;2;0;472;TRUE;NA;TRUE;NA
4;3;3;10;1;1;1;3;4,91666666666667;3;0,25;1160;TRUE;NA;TRUE;NA
4;3;3;10;2;1;1;4;3,66666666666667;3,08411876203952;0,333;2036;TRUE;NA;TRUE;NA
4;3;3;10;2;1;2;5;2,66666666666667;3,12097608856756;0,333;2775;TRUE;NA;TRUE;NA
4;3;3;10;2;2;2;6;1,66666666666667;3,15783341509561;0,5;3688;TRUE;NA;TRUE;NA
4;3;3;10;3;2;2;7;0,916666666666667;3,16490938122267;0,667;4799;TRUE;NA;TRUE;NA
4;3;3;10;3;2;3;8;0,583333333333333;3,16626784374146;0,667;5681;TRUE;NA;TRUE;NA
4;3;3;10;3;3;3;9;0,25;3,16762630626026;0,75;6558;TRUE;NA;TRUE;NA
4;3;3;10;4;3;3;10;0;3,1682215277711;1;7375;TRUE;NA;TRUE;NA
4;4;2;10;0;0;0;0;10;0;0;78;TRUE;NA;TRUE;NA
4;4;2;10;0;0;1;1;8,5;1;0;164;TRUE;NA;TRUE;NA
4;4;2;10;0;1;1;2;6,75;2;0;471;TRUE;NA;TRUE;NA
4;4;2;10;1;1;1;3;5;3;0,25;1159;TRUE;NA;TRUE;NA
4;4;2;10;1;2;1;4;3,75;3,08411876203952;0,25;1836;TRUE;NA;TRUE;NA
4;4;2;10;2;2;1;5;2,5;3,16823752407904;0,5;2850;TRUE;NA;TRUE;NA
4;4;2;10;2;2;2;6;2;3,17531349020611;0,5;3687;TRUE;NA;TRUE;NA
4;4;2;10;2;3;2;7;1,25;3,18238945633317;0,5;4654;TRUE;NA;TRUE;NA
4;4;2;10;3;3;2;8;0,5;3,18946542246023;0,75;5721;TRUE;NA;TRUE;NA
4;4;2;10;3;4;2;9;0,25;3,19006064397107;0,75;6587;TRUE;NA;TRUE;NA
4;4;2;10;4;4;2;10;0;3,19065586548191;1;7403;TRUE;NA;TRUE;NA
5;3;2;10;0;0;0;0;10;0;0;77;TRUE;NA;TRUE;NA
5;3;2;10;0;0;1;1;8,5;1;0;163;TRUE;NA;TRUE;NA
5;3;2;10;0;1;1;2;6,83333333333333;2;0;470;TRUE;NA;TRUE;NA
5;3;2;10;1;1;1;3;5,03333333333333;3;0,2;1158;TRUE;NA;TRUE;NA
5;3;2;10;2;1;1;4;3,63333333333333;3,13801118920923;0,333;2034;TRUE;NA;TRUE;NA
5;3;2;10;2;2;1;5;2,63333333333333;3,17486851573727;0,4;2849;TRUE;NA;TRUE;NA
5;3;2;10;3;2;1;6;1,63333333333333;3,19391560408421;0,5;3943;TRUE;NA;TRUE;NA
5;3;2;10;3;2;2;7;1,13333333333333;3,20099157021128;0,6;4797;TRUE;NA;TRUE;NA
5;3;2;10;4;2;2;8;0,533333333333333;3,20362028152501;0,667;5863;TRUE;NA;TRUE;NA
5;3;2;10;4;3;2;9;0,2;3,20497874404381;0,8;6684;TRUE;NA;TRUE;NA
5;3;2;10;5;3;2;10;0;3,2053415356183;1;7494;TRUE;NA;TRUE;NA
5;4;1;10;0;0;0;0;10;0;0;76;TRUE;NA;TRUE;NA
5;4;1;10;0;0;1;1;9;1;0;162;TRUE;NA;TRUE;NA
5;4;1;10;0;1;1;2;7,25;2;0;469;TRUE;NA;TRUE;NA
5;4;1;10;1;1;1;3;5,45;3;0,2;1157;TRUE;NA;TRUE;NA
5;4;1;10;2;1;1;4;4,05;3,13801118920923;0,25;2033;TRUE;NA;TRUE;NA
5;4;1;10;2;2;1;5;2,8;3,22212995124875;0,4;2848;TRUE;NA;TRUE;NA
5;4;1;10;3;2;1;6;1,8;3,24117703959569;0,5;3942;TRUE;NA;TRUE;NA
5;4;1;10;3;3;1;7;1,05;3,24825300572276;0,6;4860;TRUE;NA;TRUE;NA
5;4;1;10;4;3;1;8;0,45;3,25088171703649;0,75;5925;TRUE;NA;TRUE;NA
5;4;1;10;4;4;1;9;0,2;3,25147693854733;0,8;6729;TRUE;NA;TRUE;NA
5;4;1;10;5;4;1;10;0;3,25183973012183;1;7534;TRUE;NA;TRUE;NA
6;2;2;10;0;0;0;0;10;0;0;75;TRUE;NA;TRUE;NA
6;2;2;10;0;0;1;1;8,5;1;0;161;TRUE;NA;TRUE;NA
6;2;2;10;0;1;1;2;7;2;0;468;TRUE;NA;TRUE;NA
6;2;2;10;1;1;1;3;5,16666666666667;3;0,167;1156;TRUE;NA;TRUE;NA
6;2;2;10;2;1;1;4;3,66666666666667;3,19198262038019;0,333;2032;TRUE;NA;TRUE;NA
6;2;2;10;3;1;1;5;2,5;3,22883994690823;0,5;3046;TRUE;NA;TRUE;NA
6;2;2;10;3;1;2;6;2;3,23591591303529;0,5;3866;TRUE;NA;TRUE;NA
6;2;2;10;3;2;2;7;1,5;3,24299187916235;0,5;4796;TRUE;NA;TRUE;NA
6;2;2;10;4;2;2;8;0,666666666666667;3,25006784528941;0,667;5862;TRUE;NA;TRUE;NA
6;2;2;10;5;2;2;9;0,166666666666667;3,25142630780821;0,833;6819;TRUE;NA;TRUE;NA
6;2;2;10;6;2;2;10;0;3,25168710900226;1;7605;TRUE;NA;TRUE;NA
6;3;1;10;0;0;0;0;10;0;0;74;TRUE;NA;TRUE;NA
6;3;1;10;0;0;1;1;9;1;0;160;TRUE;NA;TRUE;NA
6;3;1;10;0;1;1;2;7,33333333333333;2;0;467;TRUE;NA;TRUE;NA
6;3;1;10;1;1;1;3;5,5;3;0,167;1155;TRUE;NA;TRUE;NA
6;3;1;10;2;1;1;4;4;3,19198262038019;0,333;2031;TRUE;NA;TRUE;NA
6;3;1;10;2;2;1;5;3;3,22883994690823;0,333;2846;TRUE;NA;TRUE;NA
6;3;1;10;3;2;1;6;1,83333333333333;3,26569727343627;0,5;3940;TRUE;NA;TRUE;NA
6;3;1;10;4;2;1;7;1;3,27277323956333;0,667;5049;TRUE;NA;TRUE;NA
6;3;1;10;5;2;1;8;0,5;3,27413170208213;0,667;6103;TRUE;NA;TRUE;NA
6;3;1;10;5;3;1;9;0,166666666666667;3,27549016460092;0,833;6876;TRUE;NA;TRUE;NA
6;3;1;10;6;3;1;10;0;3,27575096579497;1;7651;TRUE;NA;TRUE;NA
7;2;1;10;0;0;0;0;10;0;0;73;TRUE;NA;TRUE;NA
7;2;1;10;0;0;1;1;9;1;0;159;TRUE;NA;TRUE;NA
7;2;1;10;0;1;1;2;7,5;2;0;466;TRUE;NA;TRUE;NA
7;2;1;10;1;1;1;3;5,64285714285714;3;0,143;1154;TRUE;NA;TRUE;NA
7;2;1;10;2;1;1;4;4,07142857142857;3,24302618535723;0,286;2030;TRUE;NA;TRUE;NA
7;2;1;10;3;1;1;5;2,78571428571429;3,30208791212652;0,429;3044;TRUE;NA;TRUE;NA
7;2;1;10;4;1;1;6;1,78571428571429;3,31644145828387;0,5;4137;TRUE;NA;TRUE;NA
7;2;1;10;4;2;1;7;1,28571428571429;3,32351742441093;0,571;5048;TRUE;NA;TRUE;NA
7;2;1;10;5;2;1;8;0,571428571428571;3,3270057119799;0,714;6102;TRUE;NA;TRUE;NA
7;2;1;10;6;2;1;9;0,142857142857143;3,32785345720122;0,857;7021;TRUE;NA;TRUE;NA
7;2;1;10;7;2;1;10;0;3,32805948148851;1;7754;TRUE;NA;TRUE;NA
8;1;1;10;0;0;0;0;10;0;0;72;TRUE;NA;TRUE;NA
8;1;1;10;0;0;1;1;9;1;0;158;TRUE;NA;TRUE;NA
8;1;1;10;0;1;1;2;8;2;0;465;TRUE;NA;TRUE;NA
8;1;1;10;1;1;1;3;6,125;3;0,125;1153;TRUE;NA;TRUE;NA
8;1;1;10;2;1;1;4;4,5;3,29003234654004;0,25;2029;TRUE;NA;TRUE;NA
8;1;1;10;3;1;1;5;3,125;3,37415110857956;0,375;3043;TRUE;NA;TRUE;NA
8;1;1;10;4;1;1;6;2;3,39854827052193;0,5;4136;TRUE;NA;TRUE;NA
8;1;1;10;5;1;1;7;1,125;3,40562423664899;0,625;5236;TRUE;NA;TRUE;NA
8;1;1;10;6;1;1;8;0,5;3,40767649570886;0,75;6261;TRUE;NA;TRUE;NA
8;1;1;10;7;1;1;9;0,125;3,4082717172197;0,875;7140;TRUE;NA;TRUE;NA
8;1;1;10;8;1;1;10;0;3,4084443507112;1;7833;TRUE;NA;TRUE;NA
4;4;3;11;0;0;0;0;11;0;0;71;TRUE;NA;TRUE;NA
4;4;3;11;0;0;1;1;9,33333333333333;1;0;157;TRUE;NA;TRUE;NA
4;4;3;11;0;1;1;2;7,58333333333333;2;0;464;TRUE;NA;TRUE;NA
4;4;3;11;1;1;1;3;5,83333333333333;3;0,25;1152;TRUE;NA;TRUE;NA
4;4;3;11;1;2;1;4;4,58333333333333;3,08411876203952;0,25;1830;TRUE;NA;TRUE;NA
4;4;3;11;2;2;1;5;3,33333333333333;3,16823752407904;0,333;2844;TRUE;NA;TRUE;NA
4;4;3;11;2;2;2;6;2,33333333333333;3,20509485060709;0,5;3684;TRUE;NA;TRUE;NA
4;4;3;11;2;3;2;7;1,58333333333333;3,21217081673415;0,5;4652;TRUE;NA;TRUE;NA
4;4;3;11;3;3;2;8;0,833333333333333;3,21924678286121;0,667;5719;TRUE;NA;TRUE;NA
4;4;3;11;3;3;3;9;0,5;3,22060524538001;0,75;6557;TRUE;NA;TRUE;NA
4;4;3;11;3;4;3;10;0,25;3,22120046689085;0,75;7324;TRUE;NA;TRUE;NA
4;4;3;11;4;4;3;11;0;3,22179568840169;1;7967;TRUE;NA;TRUE;NA
5;3;3;11;0;0;0;0;11;0;0;70;TRUE;NA;TRUE;NA
5;3;3;11;0;0;1;1;9,33333333333333;1;0;156;TRUE;NA;TRUE;NA
5;3;3;11;0;1;1;2;7,66666666666667;2;0;463;TRUE;NA;TRUE;NA
5;3;3;11;1;1;1;3;5,86666666666667;3;0,2;1151;TRUE;NA;TRUE;NA
5;3;3;11;2;1;1;4;4,46666666666667;3,13801118920923;0,333;2027;TRUE;NA;TRUE;NA
5;3;3;11;2;1;2;5;3,46666666666667;3,17486851573727;0,333;2770;TRUE;NA;TRUE;NA
5;3;3;11;2;2;2;6;2,46666666666667;3,21172584226531;0,4;3683;TRUE;NA;TRUE;NA
5;3;3;11;3;2;2;7;1,46666666666667;3,23077293061226;0,6;4794;TRUE;NA;TRUE;NA
5;3;3;11;4;2;2;8;0,866666666666667;3,23340164192599;0,667;5860;TRUE;NA;FALSE;6556
5;3;3;11;4;3;2;9;0,533333333333333;3,23476010444479;0,667;6682;TRUE;NA;TRUE;NA
5;3;3;11;4;3;3;10;0,2;3,23611856696358;0,8;7373;TRUE;NA;TRUE;NA
5;3;3;11;5;3;3;11;0;3,23648135853808;1;8014;TRUE;NA;TRUE;NA
5;4;2;11;0;0;0;0;11;0;0;69;TRUE;NA;TRUE;NA
5;4;2;11;0;0;1;1;9,5;1;0;155;TRUE;NA;TRUE;NA
5;4;2;11;0;1;1;2;7,75;2;0;462;TRUE;NA;TRUE;NA
5;4;2;11;1;1;1;3;5,95;3;0,2;1150;TRUE;NA;TRUE;NA
5;4;2;11;2;1;1;4;4,55;3,13801118920923;0,25;2026;TRUE;NA;TRUE;NA
5;4;2;11;2;2;1;5;3,3;3,22212995124875;0,4;2842;TRUE;NA;TRUE;NA
5;4;2;11;3;2;1;6;2,3;3,24117703959569;0,5;3936;TRUE;NA;TRUE;NA
5;4;2;11;3;2;2;7;1,8;3,24825300572276;0,5;4793;TRUE;NA;TRUE;NA
5;4;2;11;3;3;2;8;1,05;3,25532897184982;0,6;5717;TRUE;NA;TRUE;NA
5;4;2;11;4;3;2;9;0,45;3,25795768316355;0,75;6681;TRUE;NA;TRUE;NA
5;4;2;11;4;4;2;10;0,2;3,25855290467439;0,8;7401;TRUE;NA;TRUE;NA
5;4;2;11;5;4;2;11;0;3,25891569624889;1;8039;TRUE;NA;TRUE;NA
5;5;1;11;0;0;0;0;11;0;0;68;TRUE;NA;TRUE;NA
5;5;1;11;0;0;1;1;10;1;0;154;TRUE;NA;TRUE;NA
5;5;1;11;0;1;1;2;8,2;2;0;461;TRUE;NA;TRUE;NA
5;5;1;11;1;1;1;3;6,4;3;0,2;1149;TRUE;NA;TRUE;NA
5;5;1;11;1;2;1;4;5;3,13801118920923;0,2;1827;TRUE;NA;TRUE;NA
5;5;1;11;2;2;1;5;3,6;3,27602237841845;0,4;2841;TRUE;NA;TRUE;NA
5;5;1;11;2;3;1;6;2,6;3,2950694667654;0,4;3744;TRUE;NA;TRUE;NA
5;5;1;11;3;3;1;7;1,6;3,31411655511234;0,6;4855;TRUE;NA;TRUE;NA
5;5;1;11;3;4;1;8;1;3,31674526642608;0,6;5763;TRUE;NA;TRUE;NA
5;5;1;11;4;4;1;9;0,4;3,31937397773981;0,8;6726;TRUE;NA;TRUE;NA
5;5;1;11;4;5;1;10;0,2;3,31973676931431;0,8;7425;TRUE;NA;TRUE;NA
5;5;1;11;5;5;1;11;0;3,32009956088881;1;8061;TRUE;NA;TRUE;NA
6;3;2;11;0;0;0;0;11;0;0;67;TRUE;NA;TRUE;NA
6;3;2;11;0;0;1;1;9,5;1;0;153;TRUE;NA;TRUE;NA
6;3;2;11;0;1;1;2;7,83333333333333;2;0;460;TRUE;NA;TRUE;NA
6;3;2;11;1;1;1;3;6;3;0,167;1148;TRUE;NA;TRUE;NA
6;3;2;11;2;1;1;4;4,5;3,19198262038019;0,333;2024;TRUE;NA;TRUE;NA
6;3;2;11;2;2;1;5;3,5;3,22883994690823;0,333;2840;TRUE;NA;TRUE;NA
6;3;2;11;3;2;1;6;2,33333333333333;3,26569727343627;0,5;3934;TRUE;NA;TRUE;NA
6;3;2;11;3;2;2;7;1,83333333333333;3,27277323956333;0,5;4792;TRUE;NA;TRUE;NA
6;3;2;11;4;2;2;8;1;3,27984920569039;0,667;5858;TRUE;NA;TRUE;NA
6;3;2;11;5;2;2;9;0,5;3,28120766820919;0,667;6816;TRUE;NA;TRUE;NA
6;3;2;11;5;3;2;10;0,166666666666667;3,28256613072798;0,833;7491;TRUE;NA;TRUE;NA
6;3;2;11;6;3;2;11;0;3,28282693192203;1;8111;TRUE;NA;TRUE;NA
6;4;1;11;0;0;0;0;11;0;0;66;TRUE;NA;TRUE;NA
6;4;1;11;0;0;1;1;10;1;0;152;TRUE;NA;TRUE;NA
6;4;1;11;0;1;1;2;8,25;2;0;459;TRUE;NA;TRUE;NA
6;4;1;11;1;1;1;3;6,41666666666667;3;0,167;1147;TRUE;NA;TRUE;NA
6;4;1;11;2;1;1;4;4,91666666666667;3,19198262038019;0,25;2023;TRUE;NA;TRUE;NA
6;4;1;11;2;2;1;5;3,66666666666667;3,27610138241971;0,333;2839;TRUE;NA;TRUE;NA
6;4;1;11;3;2;1;6;2,5;3,31295870894775;0,5;3933;TRUE;NA;TRUE;NA
6;4;1;11;3;3;1;7;1,75;3,32003467507481;0,5;4853;TRUE;NA;TRUE;NA
6;4;1;11;4;3;1;8;0,916666666666667;3,32711064120187;0,667;5918;TRUE;NA;TRUE;NA
6;4;1;11;5;3;1;9;0,416666666666667;3,32846910372067;0,75;6871;TRUE;NA;TRUE;NA
6;4;1;11;5;4;1;10;0,166666666666667;3,32906432523151;0,833;7531;TRUE;NA;TRUE;NA
6;4;1;11;6;4;1;11;0;3,32932512642556;1;8142;TRUE;NA;TRUE;NA
7;2;2;11;0;0;0;0;11;0;0;65;TRUE;NA;TRUE;NA
7;2;2;11;0;0;1;1;9,5;1;0;151;TRUE;NA;TRUE;NA
7;2;2;11;0;1;1;2;8;2;0;458;TRUE;NA;TRUE;NA
7;2;2;11;1;1;1;3;6,14285714285714;3;0,143;1146;TRUE;NA;TRUE;NA
7;2;2;11;2;1;1;4;4,57142857142857;3,24302618535723;0,286;2022;TRUE;NA;TRUE;NA
7;2;2;11;3;1;1;5;3,28571428571429;3,30208791212652;0,429;3036;TRUE;NA;TRUE;NA
7;2;2;11;4;1;1;6;2,28571428571429;3,31644145828387;0,5;4129;TRUE;NA;TRUE;NA
7;2;2;11;4;2;1;7;1,78571428571429;3,32351742441093;0,5;5041;TRUE;NA;TRUE;NA
7;2;2;11;4;2;2;8;1,28571428571429;3,330593390538;0,571;5857;TRUE;NA;TRUE;NA
7;2;2;11;5;2;2;9;0,571428571428571;3,33408167810697;0,714;6815;TRUE;NA;TRUE;NA
7;2;2;11;6;2;2;10;0,142857142857143;3,33492942332828;0,857;7603;TRUE;NA;TRUE;NA
7;2;2;11;7;2;2;11;0;3,33513544761557;1;8189;TRUE;NA;TRUE;NA
7;3;1;11;0;0;0;0;11;0;0;64;TRUE;NA;TRUE;NA
7;3;1;11;0;0;1;1;10;1;0;150;TRUE;NA;TRUE;NA
7;3;1;11;0;1;1;2;8,33333333333333;2;0;457;TRUE;NA;TRUE;NA
7;3;1;11;1;1;1;3;6,47619047619048;3;0,143;1145;TRUE;NA;TRUE;NA
7;3;1;11;2;1;1;4;4,90476190476191;3,24302618535723;0,286;2021;TRUE;NA;TRUE;NA
7;3;1;11;3;1;1;5;3,61904761904762;3,30208791212652;0,333;3035;TRUE;NA;TRUE;NA
7;3;1;11;3;2;1;6;2,61904761904762;3,33894523865456;0,429;3931;TRUE;NA;TRUE;NA
7;3;1;11;4;2;1;7;1,61904761904762;3,35329878481191;0,571;5040;TRUE;NA;TRUE;NA
7;3;1;11;5;2;1;8;0,904761904761905;3,35678707238088;0,667;6095;TRUE;NA;TRUE;NA
7;3;1;11;5;3;1;9;0,571428571428571;3,35814553489968;0,714;6870;TRUE;NA;TRUE;NA
7;3;1;11;6;3;1;10;0,142857142857143;3,35899328012099;0,857;7648;TRUE;NA;TRUE;NA
7;3;1;11;7;3;1;11;0;3,35919930440829;1;8221;TRUE;NA;TRUE;NA
8;2;1;11;0;0;0;0;11;0;0;63;TRUE;NA;TRUE;NA
8;2;1;11;0;0;1;1;10;1;0;149;TRUE;NA;TRUE;NA
8;2;1;11;0;1;1;2;8,5;2;0;456;TRUE;NA;TRUE;NA
8;2;1;11;1;1;1;3;6,625;3;0,125;1144;TRUE;NA;TRUE;NA
8;2;1;11;2;1;1;4;5;3,29003234654004;0,25;2020;TRUE;NA;TRUE;NA
8;2;1;11;3;1;1;5;3,625;3,37415110857956;0,375;3034;TRUE;NA;TRUE;NA
8;2;1;11;4;1;1;6;2,5;3,39854827052193;0,5;4127;TRUE;NA;TRUE;NA
8;2;1;11;4;2;1;7;2;3,40562423664899;0,5;5039;TRUE;NA;TRUE;NA
8;2;1;11;5;2;1;8;1,125;3,41270020277605;0,625;6094;TRUE;NA;TRUE;NA
8;2;1;11;6;2;1;9;0,5;3,41475246183592;0,75;7016;TRUE;NA;TRUE;NA
8;2;1;11;7;2;1;10;0,125;3,41534768334676;0,875;7751;TRUE;NA;TRUE;NA
8;2;1;11;8;2;1;11;0;3,41552031683826;1;8285;TRUE;NA;TRUE;NA
9;1;1;11;0;0;0;0;11;0;0;62;TRUE;NA;TRUE;NA
9;1;1;11;0;0;1;1;10;1;0;148;TRUE;NA;TRUE;NA
9;1;1;11;0;1;1;2;9;2;0;455;TRUE;NA;TRUE;NA
9;1;1;11;1;1;1;3;7,11111111111111;3;0,111;1143;TRUE;NA;TRUE;NA
9;1;1;11;2;1;1;4;5,44444444444444;3,33279332745973;0,222;2019;TRUE;NA;TRUE;NA
9;1;1;11;3;1;1;5;4;3,44354472626144;0,333;3033;TRUE;NA;TRUE;NA
9;1;1;11;4;1;1;6;2,77777777777778;3,48040205278949;0,444;4126;TRUE;NA;TRUE;NA
9;1;1;11;5;1;1;7;1,77777777777778;3,49266792512602;0,556;5227;TRUE;NA;TRUE;NA
9;1;1;11;6;1;1;8;1;3,4967499255951;0,667;6255;TRUE;NA;TRUE;NA
9;1;1;11;7;1;1;9;0,444444444444444;3,49810838811389;0,778;7136;TRUE;NA;TRUE;NA
9;1;1;11;8;1;1;10;0,111111111111111;3,49856047537575;0,889;7831;TRUE;NA;TRUE;NA
9;1;1;11;9;1;1;11;0;3,49871092699993;1;8333;TRUE;NA;TRUE;NA
4;4;4;12;0;0;0;0;12;0;0;61;TRUE;NA;TRUE;NA
4;4;4;12;0;0;1;1;10,25;1;0;147;TRUE;NA;TRUE;NA
4;4;4;12;0;1;1;2;8,5;2;0;454;TRUE;NA;TRUE;NA
4;4;4;12;1;1;1;3;6,75;3;0,25;1142;TRUE;NA;TRUE;NA
4;4;4;12;1;1;2;4;5,5;3,08411876203952;0,25;1752;TRUE;NA;TRUE;NA
4;4;4;12;1;2;2;5;4,25;3,16823752407904;0,25;2585;TRUE;NA;TRUE;NA
4;4;4;12;2;2;2;6;3;3,25235628611857;0,5;3679;TRUE;NA;TRUE;NA
4;4;4;12;2;2;3;7;2,25;3,25943225224563;0,5;4611;TRUE;NA;TRUE;NA
4;4;4;12;2;3;3;8;1,5;3,26650821837269;0,5;5590;TRUE;NA;TRUE;NA
4;4;4;12;3;3;3;9;0,75;3,27358418449975;0,75;6555;TRUE;NA;TRUE;NA
4;4;4;12;3;4;3;10;0,5;3,27417940601059;0,75;7323;TRUE;NA;TRUE;NA
4;4;4;12;3;4;4;11;0,25;3,27477462752144;0,75;7932;TRUE;NA;TRUE;NA
4;4;4;12;4;4;4;12;0;3,27536984903228;1;8397;TRUE;NA;TRUE;NA
5;4;3;12;0;0;0;0;12;0;0;60;TRUE;NA;TRUE;NA
5;4;3;12;0;0;1;1;10,3333333333333;1;0;146;TRUE;NA;TRUE;NA
5;4;3;12;0;1;1;2;8,58333333333333;2;0;453;TRUE;NA;TRUE;NA
5;4;3;12;1;1;1;3;6,78333333333333;3;0,2;1141;TRUE;NA;TRUE;NA
5;4;3;12;2;1;1;4;5,38333333333333;3,13801118920923;0,25;2017;TRUE;NA;TRUE;NA
5;4;3;12;2;2;1;5;4,13333333333333;3,22212995124875;0,333;2834;TRUE;NA;TRUE;NA
5;4;3;12;2;2;2;6;3,13333333333333;3,25898727777679;0,4;3678;TRUE;NA;TRUE;NA
5;4;3;12;3;2;2;7;2,13333333333333;3,27803436612374;0,5;4789;TRUE;NA;TRUE;NA
5;4;3;12;3;3;2;8;1,38333333333333;3,2851103322508;0,6;5714;TRUE;NA;TRUE;NA
5;4;3;12;4;3;2;9;0,783333333333333;3,28773904356453;0,667;6678;TRUE;NA;TRUE;NA
5;4;3;12;4;3;3;10;0,45;3,28909750608333;0,75;7371;TRUE;NA;TRUE;NA
5;4;3;12;4;4;3;11;0,2;3,28969272759417;0,8;7965;TRUE;NA;TRUE;NA
5;4;3;12;5;4;3;12;0;3,29005551916867;1;8429;TRUE;NA;TRUE;NA
5;5;2;12;0;0;0;0;12;0;0;59;TRUE;NA;TRUE;NA
5;5;2;12;0;0;1;1;10,5;1;0;145;TRUE;NA;TRUE;NA
5;5;2;12;0;1;1;2;8,7;2;0;452;TRUE;NA;TRUE;NA
5;5;2;12;1;1;1;3;6,9;3;0,2;1140;TRUE;NA;TRUE;NA
5;5;2;12;1;2;1;4;5,5;3,13801118920923;0,2;1819;TRUE;NA;TRUE;NA
5;5;2;12;2;2;1;5;4,1;3,27602237841845;0,4;2833;TRUE;NA;TRUE;NA
5;5;2;12;2;3;1;6;3,1;3,2950694667654;0,4;3738;TRUE;NA;TRUE;NA
5;5;2;12;3;3;1;7;2,1;3,31411655511234;0,5;4849;TRUE;NA;TRUE;NA
5;5;2;12;3;3;2;8;1,6;3,3211925212394;0,6;5713;TRUE;NA;TRUE;NA
5;5;2;12;3;4;2;9;1;3,32382123255314;0,6;6582;TRUE;NA;TRUE;NA
5;5;2;12;4;4;2;10;0,4;3,32644994386688;0,8;7398;TRUE;NA;TRUE;NA
5;5;2;12;4;5;2;11;0,2;3,32681273544137;0,8;7980;TRUE;NA;TRUE;NA
5;5;2;12;5;5;2;12;0;3,32717552701587;1;8442;TRUE;NA;TRUE;NA
6;3;3;12;0;0;0;0;12;0;0;58;TRUE;NA;TRUE;NA
6;3;3;12;0;0;1;1;10,3333333333333;1;0;144;TRUE;NA;TRUE;NA
6;3;3;12;0;1;1;2;8,66666666666667;2;0;451;TRUE;NA;TRUE;NA
6;3;3;12;1;1;1;3;6,83333333333333;3;0,167;1139;TRUE;NA;TRUE;NA
6;3;3;12;2;1;1;4;5,33333333333333;3,19198262038019;0,333;2015;TRUE;NA;TRUE;NA
6;3;3;12;2;1;2;5;4,33333333333333;3,22883994690823;0,333;2763;TRUE;NA;TRUE;NA
6;3;3;12;2;2;2;6;3,33333333333333;3,26569727343627;0,333;3676;TRUE;NA;TRUE;NA
6;3;3;12;3;2;2;7;2,16666666666667;3,30255459996431;0,5;4787;TRUE;NA;TRUE;NA
6;3;3;12;4;2;2;8;1,33333333333333;3,30963056609137;0,667;5853;TRUE;NA;TRUE;NA
6;3;3;12;4;3;2;9;1;3,31098902861017;0,667;6676;TRUE;NA;TRUE;NA
6;3;3;12;5;2;3;10;0,5;3,31234749112897;0,667;7456;TRUE;NA;TRUE;NA
6;3;3;12;5;3;3;11;0,166666666666667;3,31370595364776;0,833;8012;TRUE;NA;TRUE;NA
6;3;3;12;6;3;3;12;0;3,31396675484181;1;8466;TRUE;NA;TRUE;NA
6;4;2;12;0;0;0;0;12;0;0;57;TRUE;NA;TRUE;NA
6;4;2;12;0;0;1;1;10,5;1;0;143;TRUE;NA;TRUE;NA
6;4;2;12;0;1;1;2;8,75;2;0;450;TRUE;NA;TRUE;NA
6;4;2;12;1;1;1;3;6,91666666666667;3;0,167;1138;TRUE;NA;TRUE;NA
6;4;2;12;2;1;1;4;5,41666666666667;3,19198262038019;0,25;2014;TRUE;NA;TRUE;NA
6;4;2;12;2;2;1;5;4,16666666666667;3,27610138241971;0,333;2831;TRUE;NA;TRUE;NA
6;4;2;12;3;2;1;6;3;3,31295870894775;0,5;3925;TRUE;NA;TRUE;NA
6;4;2;12;3;2;2;7;2,5;3,32003467507481;0,5;4786;TRUE;NA;TRUE;NA
6;4;2;12;3;3;2;8;1,75;3,32711064120187;0,5;5711;TRUE;NA;TRUE;NA
6;4;2;12;4;3;2;9;0,916666666666667;3,33418660732894;0,667;6675;TRUE;NA;TRUE;NA
6;4;2;12;5;3;2;10;0,416666666666667;3,33554506984773;0,75;7487;TRUE;NA;TRUE;NA
6;4;2;12;5;4;2;11;0,166666666666667;3,33614029135857;0,833;8036;TRUE;NA;TRUE;NA
6;4;2;12;6;4;2;12;0;3,33640109255262;1;8484;TRUE;NA;TRUE;NA
6;5;1;12;0;0;0;0;12;0;0;56;TRUE;NA;TRUE;NA
6;5;1;12;0;0;1;1;11;1;0;142;TRUE;NA;TRUE;NA
6;5;1;12;0;1;1;2;9,2;2;0;449;TRUE;NA;TRUE;NA
6;5;1;12;1;1;1;3;7,36666666666667;3;0,167;1137;TRUE;NA;TRUE;NA
6;5;1;12;2;1;1;4;5,86666666666667;3,19198262038019;0,2;2013;TRUE;NA;TRUE;NA
6;5;1;12;2;2;1;5;4,46666666666667;3,32999380958941;0,333;2830;TRUE;NA;TRUE;NA
6;5;1;12;3;2;1;6;3,3;3,36685113611746;0,4;3924;TRUE;NA;TRUE;NA
6;5;1;12;3;3;1;7;2,3;3,3858982244644;0,5;4846;TRUE;NA;TRUE;NA
6;5;1;12;4;3;1;8;1,46666666666667;3,39297419059146;0,6;5911;TRUE;NA;TRUE;NA
6;5;1;12;4;4;1;9;0,866666666666667;3,3956029019052;0,667;6720;TRUE;NA;TRUE;NA
6;5;1;12;5;4;1;10;0,366666666666666;3,39696136442399;0,8;7527;TRUE;NA;TRUE;NA
6;5;1;12;5;5;1;11;0,166666666666667;3,39732415599849;0,833;8059;TRUE;NA;TRUE;NA
6;5;1;12;6;5;1;12;0;3,39758495719254;1;8501;TRUE;NA;TRUE;NA
7;3;2;12;0;0;0;0;12;0;0;55;TRUE;NA;TRUE;NA
7;3;2;12;0;0;1;1;10,5;1;0;141;TRUE;NA;TRUE;NA
7;3;2;12;0;1;1;2;8,83333333333333;2;0;448;TRUE;NA;TRUE;NA
7;3;2;12;1;1;1;3;6,97619047619048;3;0,143;1136;TRUE;NA;TRUE;NA
7;3;2;12;2;1;1;4;5,40476190476191;3,24302618535723;0,286;2012;TRUE;NA;TRUE;NA
7;3;2;12;3;1;1;5;4,11904761904762;3,30208791212652;0,333;3026;TRUE;NA;TRUE;NA
7;3;2;12;3;2;1;6;3,11904761904762;3,33894523865456;0,429;3923;TRUE;NA;TRUE;NA
7;3;2;12;4;2;1;7;2,11904761904762;3,35329878481191;0,5;5032;TRUE;NA;TRUE;NA
7;3;2;12;4;2;2;8;1,61904761904762;3,36037475093898;0,571;5851;TRUE;NA;TRUE;NA
7;3;2;12;5;2;2;9;0,904761904761905;3,36386303850795;0,667;6810;TRUE;NA;TRUE;NA
7;3;2;12;5;3;2;10;0,571428571428571;3,36522150102674;0,714;7486;TRUE;NA;TRUE;NA
7;3;2;12;6;3;2;11;0,142857142857143;3,36606924624806;0,857;8108;TRUE;NA;TRUE;NA
7;3;2;12;7;3;2;12;0;3,36627527053535;1;8533;TRUE;NA;TRUE;NA
7;4;1;12;0;0;0;0;12;0;0;54;TRUE;NA;TRUE;NA
7;4;1;12;0;0;1;1;11;1;0;140;TRUE;NA;TRUE;NA
7;4;1;12;0;1;1;2;9,25;2;0;447;TRUE;NA;TRUE;NA
7;4;1;12;1;1;1;3;7,39285714285714;3;0,143;1135;TRUE;NA;TRUE;NA
7;4;1;12;2;1;1;4;5,82142857142857;3,24302618535723;0,25;2011;TRUE;NA;TRUE;NA
7;4;1;12;2;2;1;5;4,57142857142857;3,32714494739675;0,286;2828;TRUE;NA;TRUE;NA
7;4;1;12;3;2;1;6;3,28571428571429;3,38620667416604;0,429;3922;TRUE;NA;TRUE;NA
7;4;1;12;4;2;1;7;2,28571428571429;3,40056022032339;0,5;5031;TRUE;NA;TRUE;NA
7;4;1;12;4;3;1;8;1,53571428571429;3,40763618645046;0,571;5909;TRUE;NA;TRUE;NA
7;4;1;12;5;3;1;9;0,821428571428571;3,41112447401943;0,714;6863;TRUE;NA;TRUE;NA
7;4;1;12;6;3;1;10;0,392857142857143;3,41197221924074;0,75;7643;TRUE;NA;TRUE;NA
7;4;1;12;6;4;1;11;0,142857142857143;3,41256744075158;0,857;8139;TRUE;NA;TRUE;NA
7;4;1;12;7;4;1;12;0;3,41277346503888;1;8553;TRUE;NA;TRUE;NA
8;2;2;12;0;0;0;0;12;0;0;53;TRUE;NA;TRUE;NA
8;2;2;12;0;0;1;1;10,5;1;0;139;TRUE;NA;TRUE;NA
8;2;2;12;0;1;1;2;9;2;0;446;TRUE;NA;TRUE;NA
8;2;2;12;1;1;1;3;7,125;3;0,125;1134;TRUE;NA;TRUE;NA
8;2;2;12;2;1;1;4;5,5;3,29003234654004;0,25;2010;TRUE;NA;TRUE;NA
8;2;2;12;3;1;1;5;4,125;3,37415110857956;0,375;3024;TRUE;NA;TRUE;NA
8;2;2;12;4;1;1;6;3;3,39854827052193;0,5;4117;TRUE;NA;TRUE;NA
8;2;2;12;4;1;2;7;2,5;3,40562423664899;0,5;4964;TRUE;NA;TRUE;NA
8;2;2;12;4;2;2;8;2;3,41270020277605;0,5;5850;TRUE;NA;TRUE;NA
8;2;2;12;5;2;2;9;1,125;3,41977616890311;0,625;6809;TRUE;NA;TRUE;NA
8;2;2;12;6;2;2;10;0,5;3,42182842796298;0,75;7599;TRUE;NA;TRUE;NA
8;2;2;12;7;2;2;11;0,125;3,42242364947383;0,875;8187;TRUE;NA;TRUE;NA
8;2;2;12;8;2;2;12;0;3,42259628296533;1;8579;TRUE;NA;TRUE;NA
8;3;1;12;0;0;0;0;12;0;0;52;TRUE;NA;TRUE;NA
8;3;1;12;0;0;1;1;11;1;0;138;TRUE;NA;TRUE;NA
8;3;1;12;0;1;1;2;9,33333333333333;2;0;445;TRUE;NA;TRUE;NA
8;3;1;12;1;1;1;3;7,45833333333333;3;0,125;1133;TRUE;NA;TRUE;NA
8;3;1;12;2;1;1;4;5,83333333333333;3,29003234654004;0,25;2009;TRUE;NA;TRUE;NA
8;3;1;12;3;1;1;5;4,45833333333333;3,37415110857956;0,333;3023;TRUE;NA;TRUE;NA
8;3;1;12;3;2;1;6;3,45833333333333;3,41100843510761;0,375;3920;TRUE;NA;TRUE;NA
8;3;1;12;4;2;1;7;2,33333333333333;3,43540559704997;0,5;5029;TRUE;NA;TRUE;NA
8;3;1;12;5;2;1;8;1,45833333333333;3,44248156317703;0,625;6085;TRUE;NA;TRUE;NA
8;3;1;12;6;2;1;9;0,833333333333333;3,4445338222369;0,667;7009;TRUE;NA;TRUE;NA
8;3;1;12;6;3;1;10;0,5;3,4458922847557;0,75;7642;TRUE;NA;TRUE;NA
8;3;1;12;7;3;1;11;0,125;3,44648750626654;0,875;8218;TRUE;NA;TRUE;NA
8;3;1;12;8;3;1;12;0;3,44666013975804;1;8598;TRUE;NA;TRUE;NA
9;2;1;12;0;0;0;0;12;0;0;51;TRUE;NA;TRUE;NA
9;2;1;12;0;0;1;1;11;1;0;137;TRUE;NA;TRUE;NA
9;2;1;12;0;1;1;2;9,5;2;0;444;TRUE;NA;TRUE;NA
9;2;1;12;1;1;1;3;7,61111111111111;3;0,111;1132;TRUE;NA;TRUE;NA
9;2;1;12;2;1;1;4;5,94444444444444;3,33279332745973;0,222;2008;TRUE;NA;TRUE;NA
9;2;1;12;3;1;1;5;4,5;3,44354472626144;0,333;3022;TRUE;NA;TRUE;NA
9;2;1;12;4;1;1;6;3,27777777777778;3,48040205278949;0,444;4115;TRUE;NA;TRUE;NA
9;2;1;12;5;1;1;7;2,27777777777778;3,49266792512602;0,5;5217;TRUE;NA;TRUE;NA
9;2;1;12;5;2;1;8;1,77777777777778;3,49974389125309;0,556;6084;TRUE;NA;TRUE;NA
9;2;1;12;6;2;1;9;1;3,50382589172216;0,667;7008;TRUE;NA;TRUE;NA
9;2;1;12;7;2;1;10;0,444444444444444;3,50518435424095;0,778;7746;TRUE;NA;TRUE;NA
9;2;1;12;8;2;1;11;0,111111111111111;3,50563644150281;0,889;8282;TRUE;NA;TRUE;NA
9;2;1;12;9;2;1;12;0;3,50578689312699;1;8633;TRUE;NA;TRUE;NA
10;1;1;12;0;0;0;0;12;0;0;50;TRUE;NA;TRUE;NA
10;1;1;12;0;0;1;1;11;1;0;136;TRUE;NA;TRUE;NA
10;1;1;12;0;1;1;2;10;2;0;443;TRUE;NA;TRUE;NA
10;1;1;12;1;1;1;3;8,1;3;0,1;1131;TRUE;NA;TRUE;NA
10;1;1;12;2;1;1;4;6,4;3,37149857228424;0,2;2007;TRUE;NA;TRUE;NA
10;1;1;12;3;1;1;5;4,9;3,50950976149346;0,3;3021;TRUE;NA;TRUE;NA
10;1;1;12;4;1;1;6;3,6;3,56078072124394;0,4;4114;TRUE;NA;TRUE;NA
10;1;1;12;5;1;1;7;2,5;3,57982780959089;0,5;5216;TRUE;NA;TRUE;NA
10;1;1;12;6;1;1;8;1,6;3,58690377571795;0,6;6246;TRUE;NA;TRUE;NA
10;1;1;12;7;1;1;9;0,9;3,58953248703168;0,7;7130;TRUE;NA;TRUE;NA
10;1;1;12;8;1;1;10;0,4;3,59050904953168;0,8;7827;TRUE;NA;TRUE;NA
10;1;1;12;9;1;1;11;0,1;3,59087184110618;0,9;8331;TRUE;NA;TRUE;NA
10;1;1;12;10;1;1;12;0;3,59100661765814;1;8659;TRUE;NA;TRUE;NA
5;4;4;13;0;0;0;0;13;0;0;49;TRUE;NA;TRUE;NA
5;4;4;13;0;0;1;1;11,25;1;0;135;TRUE;NA;TRUE;NA
5;4;4;13;0;1;1;2;9,5;2;0;442;TRUE;NA;TRUE;NA
5;4;4;13;1;1;1;3;7,7;3;0,2;1130;TRUE;NA;TRUE;NA
5;4;4;13;2;1;1;4;6,3;3,13801118920923;0,25;2006;TRUE;NA;FALSE;2578
5;4;4;13;2;1;2;5;5,05;3,22212995124875;0,25;2759;TRUE;NA;TRUE;NA
5;4;4;13;2;2;2;6;3,8;3,30624871328827;0,4;3672;TRUE;NA;TRUE;NA
5;4;4;13;3;2;2;7;2,8;3,32529580163522;0,5;4783;TRUE;NA;TRUE;NA
5;4;4;13;3;2;3;8;2,05;3,33237176776228;0,5;5675;TRUE;NA;TRUE;NA
5;4;4;13;3;3;3;9;1,3;3,33944773388934;0,6;6552;TRUE;NA;TRUE;NA
5;4;4;13;4;3;3;10;0,7;3,34207644520307;0,75;7369;TRUE;NA;TRUE;NA
5;4;4;13;4;3;4;11;0,45;3,34267166671392;0,75;7950;TRUE;NA;TRUE;NA
5;4;4;13;4;4;4;12;0,2;3,34326688822476;0,8;8396;TRUE;NA;TRUE;NA
5;4;4;13;5;4;4;13;0;3,34362967979926;1;8698;TRUE;NA;TRUE;NA
5;5;3;13;0;0;0;0;13;0;0;48;TRUE;NA;TRUE;NA
5;5;3;13;0;0;1;1;11,3333333333333;1;0;134;TRUE;NA;TRUE;NA
5;5;3;13;0;1;1;2;9,53333333333333;2;0;441;TRUE;NA;TRUE;NA
5;5;3;13;1;1;1;3;7,73333333333333;3;0,2;1129;TRUE;NA;TRUE;NA
5;5;3;13;1;2;1;4;6,33333333333333;3,13801118920923;0,2;1809;TRUE;NA;TRUE;NA
5;5;3;13;2;2;1;5;4,93333333333333;3,27602237841845;0,333;2823;TRUE;NA;TRUE;NA
5;5;3;13;2;2;2;6;3,93333333333333;3,3128797049465;0,4;3671;TRUE;NA;FALSE;4841
5;5;3;13;2;3;2;7;2,93333333333333;3,33192679329344;0,4;4641;TRUE;NA;TRUE;NA
5;5;3;13;3;3;2;8;1,93333333333333;3,35097388164039;0,6;5708;TRUE;NA;TRUE;NA
5;5;3;13;3;4;2;9;1,33333333333333;3,35360259295412;0,6;6579;TRUE;NA;TRUE;NA
5;5;3;13;4;4;2;10;0,733333333333333;3,35623130426786;0,667;7395;TRUE;NA;TRUE;NA
5;5;3;13;4;4;3;11;0,4;3,35758976678665;0,8;7963;TRUE;NA;TRUE;NA
5;5;3;13;4;5;3;12;0,2;3,35795255836115;0,8;8404;TRUE;NA;TRUE;NA
5;5;3;13;5;5;3;13;0;3,35831534993564;1;8705;TRUE;NA;TRUE;NA
6;4;3;13;0;0;0;0;13;0;0;47;TRUE;NA;TRUE;NA
6;4;3;13;0;0;1;1;11,3333333333333;1;0;133;TRUE;NA;TRUE;NA
6;4;3;13;0;1;1;2;9,58333333333333;2;0;440;TRUE;NA;TRUE;NA
6;4;3;13;1;1;1;3;7,75;3;0,167;1128;TRUE;NA;TRUE;NA
6;4;3;13;2;1;1;4;6,25;3,19198262038019;0,25;2004;TRUE;NA;TRUE;NA
6;4;3;13;2;2;1;5;5;3,27610138241971;0,333;2822;TRUE;NA;TRUE;NA
6;4;3;13;2;2;2;6;4;3,31295870894775;0,333;3670;TRUE;NA;TRUE;NA
6;4;3;13;3;2;2;7;2,83333333333333;3,34981603547579;0,5;4781;TRUE;NA;TRUE;NA
6;4;3;13;3;3;2;8;2,08333333333333;3,35689200160286;0,5;5707;TRUE;NA;TRUE;NA
6;4;3;13;4;3;2;9;1,25;3,36396796772992;0,667;6671;TRUE;NA;TRUE;NA
6;4;3;13;4;3;3;10;0,916666666666667;3,36532643024871;0,667;7367;TRUE;NA;TRUE;NA
6;4;3;13;5;3;3;11;0,416666666666667;3,36668489276751;0,75;8009;TRUE;NA;TRUE;NA
6;4;3;13;5;4;3;12;0,166666666666667;3,36728011427835;0,833;8426;TRUE;NA;TRUE;NA
6;4;3;13;6;4;3;13;0;3,3675409154724;1;8721;TRUE;NA;TRUE;NA
6;5;2;13;0;0;0;0;13;0;0;46;TRUE;NA;TRUE;NA
6;5;2;13;0;0;1;1;11,5;1;0;132;TRUE;NA;TRUE;NA
6;5;2;13;0;1;1;2;9,7;2;0;439;TRUE;NA;TRUE;NA
6;5;2;13;1;1;1;3;7,86666666666667;3;0,167;1127;TRUE;NA;TRUE;NA
6;5;2;13;2;1;1;4;6,36666666666667;3,19198262038019;0,2;2003;TRUE;NA;TRUE;NA
6;5;2;13;2;2;1;5;4,96666666666667;3,32999380958941;0,333;2821;TRUE;NA;TRUE;NA
6;5;2;13;3;2;1;6;3,8;3,36685113611746;0,4;3915;TRUE;NA;TRUE;NA
6;5;2;13;3;3;1;7;2,8;3,3858982244644;0,5;4839;TRUE;NA;TRUE;NA
6;5;2;13;3;3;2;8;2,3;3,39297419059146;0,5;5706;TRUE;NA;TRUE;NA
6;5;2;13;4;3;2;9;1,46666666666667;3,40005015671852;0,6;6670;TRUE;NA;TRUE;NA
6;5;2;13;4;4;2;10;0,866666666666667;3,40267886803226;0,667;7393;TRUE;NA;TRUE;NA
6;5;2;13;5;4;2;11;0,366666666666666;3,40403733055105;0,8;8032;TRUE;NA;TRUE;NA
6;5;2;13;5;5;2;12;0,166666666666667;3,40440012212555;0,833;8440;TRUE;NA;TRUE;NA
6;5;2;13;6;5;2;13;0;3,4046609233196;1;8730;TRUE;NA;TRUE;NA
6;6;1;13;0;0;0;0;13;0;0;45;TRUE;NA;TRUE;NA
6;6;1;13;0;0;1;1;12;1;0;131;TRUE;NA;TRUE;NA
6;6;1;13;0;1;1;2;10,1666666666667;2;0;438;TRUE;NA;TRUE;NA
6;6;1;13;1;1;1;3;8,33333333333333;3;0,167;1126;TRUE;NA;TRUE;NA
6;6;1;13;1;2;1;4;6,83333333333333;3,19198262038019;0,167;1806;TRUE;NA;TRUE;NA
6;6;1;13;2;2;1;5;5,33333333333333;3,38396524076037;0,333;2820;TRUE;NA;TRUE;NA
6;6;1;13;2;3;1;6;4,16666666666667;3,42082256728842;0,333;3727;TRUE;NA;TRUE;NA
6;6;1;13;3;3;1;7;3;3,45767989381646;0,5;4838;TRUE;NA;TRUE;NA
6;6;1;13;3;4;1;8;2,16666666666667;3,46475585994352;0,5;5751;TRUE;NA;TRUE;NA
6;6;1;13;4;4;1;9;1,33333333333333;3,47183182607058;0,667;6714;TRUE;NA;TRUE;NA
6;6;1;13;4;5;1;10;0,833333333333333;3,47319028858938;0,667;7420;TRUE;NA;TRUE;NA
6;6;1;13;5;5;1;11;0,333333333333333;3,47454875110817;0,833;8056;TRUE;NA;TRUE;NA
6;6;1;13;5;6;1;12;0,166666666666667;3,47480955230222;0,833;8449;TRUE;NA;TRUE;NA
6;6;1;13;6;6;1;13;0;3,47507035349626;1;8737;TRUE;NA;TRUE;NA
7;3;3;13;0;0;0;0;13;0;0;44;TRUE;NA;TRUE;NA
7;3;3;13;0;0;1;1;11,3333333333333;1;0;130;TRUE;NA;TRUE;NA
7;3;3;13;0;1;1;2;9,66666666666667;2;0;437;TRUE;NA;TRUE;NA
7;3;3;13;1;1;1;3;7,80952380952381;3;0,143;1125;TRUE;NA;TRUE;NA
7;3;3;13;2;1;1;4;6,23809523809524;3,24302618535723;0,286;2001;TRUE;NA;TRUE;NA
7;3;3;13;3;1;1;5;4,95238095238095;3,30208791212652;0,333;3015;TRUE;NA;FALSE;3668
7;3;3;13;3;1;2;6;3,95238095238095;3,33894523865456;0,333;3849;TRUE;NA;TRUE;NA
7;3;3;13;3;2;2;7;2,95238095238095;3,3758025651826;0,429;4779;TRUE;NA;TRUE;NA
7;3;3;13;4;2;2;8;1,95238095238095;3,39015611133996;0,571;5845;TRUE;NA;TRUE;NA
7;3;3;13;5;2;2;9;1,23809523809524;3,39364439890893;0,667;6804;TRUE;NA;TRUE;NA
7;3;3;13;5;3;2;10;0,904761904761905;3,39500286142772;0,667;7481;TRUE;NA;TRUE;NA
7;3;3;13;5;3;3;11;0,571428571428571;3,39636132394652;0,714;8008;TRUE;NA;TRUE;NA
7;3;3;13;6;3;3;12;0,142857142857143;3,39720906916783;0,857;8464;TRUE;NA;TRUE;NA
7;3;3;13;7;3;3;13;0;3,39741509345512;1;8746;TRUE;NA;TRUE;NA
7;4;2;13;0;0;0;0;13;0;0;43;TRUE;NA;TRUE;NA
7;4;2;13;0;0;1;1;11,5;1;0;129;TRUE;NA;TRUE;NA
7;4;2;13;0;1;1;2;9,75;2;0;436;TRUE;NA;TRUE;NA
7;4;2;13;1;1;1;3;7,89285714285714;3;0,143;1124;TRUE;NA;TRUE;NA
7;4;2;13;2;1;1;4;6,32142857142857;3,24302618535723;0,25;2000;TRUE;NA;TRUE;NA
7;4;2;13;2;2;1;5;5,07142857142857;3,32714494739675;0,286;2818;TRUE;NA;TRUE;NA
7;4;2;13;3;2;1;6;3,78571428571429;3,38620667416604;0,429;3912;TRUE;NA;TRUE;NA
7;4;2;13;4;2;1;7;2,78571428571429;3,40056022032339;0,5;5021;TRUE;NA;TRUE;NA
7;4;2;13;4;3;1;8;2,03571428571429;3,40763618645046;0,5;5901;TRUE;NA;TRUE;NA
7;4;2;13;4;3;2;9;1,53571428571429;3,41471215257752;0,571;6668;TRUE;NA;TRUE;NA
7;4;2;13;5;3;2;10;0,821428571428571;3,41820044014649;0,714;7480;TRUE;NA;TRUE;NA
7;4;2;13;6;3;2;11;0,392857142857143;3,4190481853678;0,75;8104;TRUE;NA;TRUE;NA
7;4;2;13;6;4;2;12;0,142857142857143;3,41964340687865;0,857;8481;TRUE;NA;TRUE;NA
7;4;2;13;7;4;2;13;0;3,41984943116594;1;8756;TRUE;NA;TRUE;NA
7;5;1;13;0;0;0;0;13;0;0;42;TRUE;NA;TRUE;NA
7;5;1;13;0;0;1;1;12;1;0;128;TRUE;NA;TRUE;NA
7;5;1;13;0;1;1;2;10,2;2;0;435;TRUE;NA;TRUE;NA
7;5;1;13;1;1;1;3;8,34285714285715;3;0,143;1123;TRUE;NA;TRUE;NA
7;5;1;13;2;1;1;4;6,77142857142857;3,24302618535723;0,2;1999;TRUE;NA;TRUE;NA
7;5;1;13;2;2;1;5;5,37142857142857;3,38103737456646;0,286;2817;TRUE;NA;TRUE;NA
7;5;1;13;3;2;1;6;4,08571428571429;3,44009910133575;0,4;3911;TRUE;NA;TRUE;NA
7;5;1;13;3;3;1;7;3,08571428571429;3,45914618968269;0,429;4835;TRUE;NA;TRUE;NA
7;5;1;13;4;3;1;8;2,08571428571429;3,47349973584004;0,571;5900;TRUE;NA;TRUE;NA
7;5;1;13;5;3;1;9;1,37142857142857;3,47698802340901;0,6;6854;TRUE;NA;TRUE;NA
7;5;1;13;5;4;1;10;0,771428571428571;3,47961673472275;0,714;7519;TRUE;NA;TRUE;NA
7;5;1;13;6;4;1;11;0,342857142857143;3,48046447994406;0,8;8134;TRUE;NA;TRUE;NA
7;5;1;13;6;5;1;12;0,142857142857143;3,48082727151856;0,857;8498;TRUE;NA;TRUE;NA
7;5;1;13;7;5;1;13;0;3,48103329580585;1;8766;TRUE;NA;TRUE;NA
8;3;2;13;0;0;0;0;13;0;0;41;TRUE;NA;TRUE;NA
8;3;2;13;0;0;1;1;11,5;1;0;127;TRUE;NA;TRUE;NA
8;3;2;13;0;1;1;2;9,83333333333333;2;0;434;TRUE;NA;TRUE;NA
8;3;2;13;1;1;1;3;7,95833333333333;3;0,125;1122;TRUE;NA;TRUE;NA
8;3;2;13;2;1;1;4;6,33333333333333;3,29003234654004;0,25;1998;TRUE;NA;TRUE;NA
8;3;2;13;3;1;1;5;4,95833333333333;3,37415110857956;0,333;3012;TRUE;NA;TRUE;NA
8;3;2;13;3;2;1;6;3,95833333333333;3,41100843510761;0,375;3910;TRUE;NA;TRUE;NA
8;3;2;13;4;2;1;7;2,83333333333333;3,43540559704997;0,5;5019;TRUE;NA;TRUE;NA
8;3;2;13;4;2;2;8;2,33333333333333;3,44248156317703;0,5;5843;TRUE;NA;TRUE;NA
8;3;2;13;5;2;2;9;1,45833333333333;3,44955752930409;0,625;6802;TRUE;NA;TRUE;NA
8;3;2;13;6;2;2;10;0,833333333333333;3,45160978836396;0,667;7594;TRUE;NA;TRUE;NA
8;3;2;13;6;3;2;11;0,5;3,45296825088276;0,75;8103;TRUE;NA;TRUE;NA
8;3;2;13;7;3;2;12;0,125;3,4535634723936;0,875;8530;TRUE;NA;TRUE;NA
8;3;2;13;8;3;2;13;0;3,4537361058851;1;8782;TRUE;NA;TRUE;NA
8;4;1;13;0;0;0;0;13;0;0;40;TRUE;NA;TRUE;NA
8;4;1;13;0;0;1;1;12;1;0;126;TRUE;NA;TRUE;NA
8;4;1;13;0;1;1;2;10,25;2;0;433;TRUE;NA;TRUE;NA
8;4;1;13;1;1;1;3;8,375;3;0,125;1121;TRUE;NA;TRUE;NA
8;4;1;13;2;1;1;4;6,75;3,29003234654004;0,25;1997;TRUE;NA;TRUE;NA
8;4;1;13;2;2;1;5;5,5;3,37415110857956;0,25;2815;TRUE;NA;TRUE;NA
8;4;1;13;3;2;1;6;4,125;3,45826987061909;0,375;3909;TRUE;NA;TRUE;NA
8;4;1;13;4;2;1;7;3;3,48266703256145;0,5;5018;TRUE;NA;TRUE;NA
8;4;1;13;4;3;1;8;2,25;3,48974299868851;0,5;5898;TRUE;NA;TRUE;NA
8;4;1;13;5;3;1;9;1,375;3,49681896481557;0,625;6852;TRUE;NA;TRUE;NA
8;4;1;13;6;3;1;10;0,75;3,49887122387544;0,75;7634;TRUE;NA;TRUE;NA
8;4;1;13;6;4;1;11;0,5;3,49946644538629;0,75;8133;TRUE;NA;TRUE;NA
8;4;1;13;7;4;1;12;0,125;3,50006166689713;0,875;8550;TRUE;NA;TRUE;NA
8;4;1;13;8;4;1;13;0;3,50023430038863;1;8792;TRUE;NA;TRUE;NA
9;2;2;13;0;0;0;0;13;0;0;39;TRUE;NA;TRUE;NA
9;2;2;13;0;0;1;1;11,5;1;0;125;TRUE;NA;TRUE;NA
9;2;2;13;0;1;1;2;10;2;0;432;TRUE;NA;TRUE;NA
9;2;2;13;1;1;1;3;8,11111111111111;3;0,111;1120;TRUE;NA;TRUE;NA
9;2;2;13;2;1;1;4;6,44444444444444;3,33279332745973;0,222;1996;TRUE;NA;TRUE;NA
9;2;2;13;3;1;1;5;5;3,44354472626144;0,333;3010;TRUE;NA;TRUE;NA
9;2;2;13;4;1;1;6;3,77777777777778;3,48040205278949;0,444;4103;TRUE;NA;TRUE;NA
9;2;2;13;5;1;1;7;2,77777777777778;3,49266792512602;0,5;5205;TRUE;NA;FALSE;5842
9;2;2;13;5;1;2;8;2,27777777777778;3,49974389125309;0,5;6017;TRUE;NA;TRUE;NA
9;2;2;13;5;2;2;9;1,77777777777778;3,50681985738015;0,556;6801;TRUE;NA;TRUE;NA
9;2;2;13;6;2;2;10;1;3,51090185784922;0,667;7593;TRUE;NA;TRUE;NA
9;2;2;13;7;2;2;11;0,444444444444444;3,51226032036801;0,778;8183;TRUE;NA;TRUE;NA
9;2;2;13;8;2;2;12;0,111111111111111;3,51271240762987;0,889;8577;TRUE;NA;TRUE;NA
9;2;2;13;9;2;2;13;0;3,51286285925405;1;8804;TRUE;NA;TRUE;NA
9;3;1;13;0;0;0;0;13;0;0;38;TRUE;NA;TRUE;NA
9;3;1;13;0;0;1;1;12;1;0;124;TRUE;NA;TRUE;NA
9;3;1;13;0;1;1;2;10,3333333333333;2;0;431;TRUE;NA;TRUE;NA
9;3;1;13;1;1;1;3;8,44444444444444;3;0,111;1119;TRUE;NA;TRUE;NA
9;3;1;13;2;1;1;4;6,77777777777778;3,33279332745973;0,222;1995;TRUE;NA;TRUE;NA
9;3;1;13;3;1;1;5;5,33333333333333;3,44354472626144;0,333;3009;TRUE;NA;TRUE;NA
9;3;1;13;3;2;1;6;4,33333333333333;3,48040205278949;0,333;3907;TRUE;NA;TRUE;NA
9;3;1;13;4;2;1;7;3,11111111111111;3,51725937931753;0,444;5016;TRUE;NA;TRUE;NA
9;3;1;13;5;2;1;8;2,11111111111111;3,52952525165407;0,556;6072;TRUE;NA;TRUE;NA
9;3;1;13;6;2;1;9;1,33333333333333;3,53360725212314;0,667;6998;TRUE;NA;TRUE;NA
9;3;1;13;6;3;1;10;1;3,53496571464193;0,667;7633;TRUE;NA;TRUE;NA
9;3;1;13;7;3;1;11;0,444444444444444;3,53632417716073;0,778;8212;TRUE;NA;TRUE;NA
9;3;1;13;8;3;1;12;0,111111111111111;3,53677626442259;0,889;8595;TRUE;NA;TRUE;NA
9;3;1;13;9;3;1;13;0;3,53692671604676;1;8814;TRUE;NA;TRUE;NA
10;2;1;13;0;0;0;0;13;0;0;37;TRUE;NA;TRUE;NA
10;2;1;13;0;0;1;1;12;1;0;123;TRUE;NA;TRUE;NA
10;2;1;13;0;1;1;2;10,5;2;0;430;TRUE;NA;TRUE;NA
10;2;1;13;1;1;1;3;8,6;3;0,1;1118;TRUE;NA;TRUE;NA
10;2;1;13;2;1;1;4;6,9;3,37149857228424;0,2;1994;TRUE;NA;TRUE;NA
10;2;1;13;3;1;1;5;5,4;3,50950976149346;0,3;3008;TRUE;NA;TRUE;NA
10;2;1;13;4;1;1;6;4,1;3,56078072124394;0,4;4101;TRUE;NA;TRUE;NA
10;2;1;13;5;1;1;7;3;3,57982780959089;0,5;5203;TRUE;NA;TRUE;NA
10;2;1;13;5;2;1;8;2,5;3,58690377571795;0,5;6071;TRUE;NA;TRUE;NA
10;2;1;13;6;2;1;9;1,6;3,59397974184501;0,6;6997;TRUE;NA;TRUE;NA
10;2;1;13;7;2;1;10;0,9;3,59660845315875;0,7;7738;TRUE;NA;TRUE;NA
10;2;1;13;8;2;1;11;0,4;3,59758501565875;0,8;8277;TRUE;NA;TRUE;NA
10;2;1;13;9;2;1;12;0,1;3,59794780723324;0,9;8630;TRUE;NA;TRUE;NA
10;2;1;13;10;2;1;13;0;3,5980825837852;1;8830;TRUE;NA;TRUE;NA
11;1;1;13;0;0;0;0;13;0;0;36;TRUE;NA;TRUE;NA
11;1;1;13;0;0;1;1;12;1;0;122;TRUE;NA;TRUE;NA
11;1;1;13;0;1;1;2;11;2;0;429;TRUE;NA;TRUE;NA
11;1;1;13;1;1;1;3;9,09090909090909;3;0,091;1117;TRUE;NA;TRUE;NA
11;1;1;13;2;1;1;4;7,36363636363636;3,40649195398527;0,182;1993;TRUE;NA;TRUE;NA
11;1;1;13;3;1;1;5;5,81818181818182;3,57172766264002;0,273;3007;TRUE;NA;TRUE;NA
11;1;1;13;4;1;1;6;4,45454545454545;3,63889464871924;0,364;4100;TRUE;NA;TRUE;NA
11;1;1;13;5;1;1;7;3,27272727272727;3,66619748813388;0,455;5202;TRUE;NA;TRUE;NA
11;1;1;13;6;1;1;8;2,27272727272727;3,67729587267688;0,545;6234;TRUE;NA;TRUE;NA
11;1;1;13;7;1;1;9;1,45454545454545;3,68180727669585;0,636;7121;TRUE;NA;TRUE;NA
11;1;1;13;8;1;1;10;0,818181818181818;3,68364112613073;0,727;7821;TRUE;NA;TRUE;NA
11;1;1;13;9;1;1;11;0,363636363636363;3,68438657117083;0,818;8327;TRUE;NA;TRUE;NA
11;1;1;13;10;1;1;12;0,090909090909091;3,68468958858177;0,909;8657;TRUE;NA;TRUE;NA
11;1;1;13;11;1;1;13;0;3,68481276272124;1;8842;TRUE;NA;TRUE;NA
5;5;4;14;0;0;0;0;14;0;0;35;TRUE;NA;TRUE;NA
5;5;4;14;0;0;1;1;12,25;1;0;121;TRUE;NA;TRUE;NA
5;5;4;14;0;1;1;2;10,45;2;0;428;TRUE;NA;TRUE;NA
5;5;4;14;1;1;1;3;8,65;3;0,2;1116;TRUE;NA;TRUE;NA
5;5;4;14;1;2;1;4;7,25;3,13801118920923;0,2;1797;TRUE;NA;TRUE;NA
5;5;4;14;2;2;1;5;5,85;3,27602237841845;0,25;2811;TRUE;NA;TRUE;NA
5;5;4;14;2;2;2;6;4,6;3,36014114045798;0,4;3664;TRUE;NA;TRUE;NA
5;5;4;14;2;3;2;7;3,6;3,37918822880492;0,4;4635;TRUE;NA;TRUE;NA
5;5;4;14;3;3;2;8;2,6;3,39823531715187;0,5;5702;TRUE;NA;TRUE;NA
5;5;4;14;3;3;3;9;1,85;3,40531128327893;0,6;6548;TRUE;NA;TRUE;NA
5;5;4;14;3;4;3;10;1,25;3,40793999459266;0,6;7318;TRUE;NA;TRUE;NA
5;5;4;14;4;4;3;11;0,65;3,4105687059064;0,75;7961;TRUE;NA;TRUE;NA
5;5;4;14;4;4;4;12;0,4;3,41116392741724;0,8;8395;TRUE;NA;FALSE;8704
5;5;4;14;4;5;4;13;0,2;3,41152671899174;0,8;8690;TRUE;NA;TRUE;NA
5;5;4;14;5;5;4;14;0;3,41188951056623;1;8858;TRUE;NA;TRUE;NA
6;4;4;14;0;0;0;0;14;0;0;34;TRUE;NA;TRUE;NA
6;4;4;14;0;0;1;1;12,25;1;0;120;TRUE;NA;TRUE;NA
6;4;4;14;0;1;1;2;10,5;2;0;427;TRUE;NA;TRUE;NA
6;4;4;14;1;1;1;3;8,66666666666667;3;0,167;1115;TRUE;NA;TRUE;NA
6;4;4;14;2;1;1;4;7,16666666666667;3,19198262038019;0,25;1991;TRUE;NA;TRUE;NA
6;4;4;14;2;1;2;5;5,91666666666667;3,27610138241971;0,25;2750;TRUE;NA;TRUE;NA
6;4;4;14;2;2;2;6;4,66666666666667;3,36022014445923;0,333;3663;TRUE;NA;TRUE;NA
6;4;4;14;3;2;2;7;3,5;3,39707747098727;0,5;4774;TRUE;NA;TRUE;NA
6;4;4;14;3;2;3;8;2,75;3,40415343711434;0,5;5670;TRUE;NA;TRUE;NA
6;4;4;14;3;3;3;9;2;3,4112294032414;0,5;6547;TRUE;NA;TRUE;NA
6;4;4;14;4;3;3;10;1,16666666666667;3,41830536936846;0,667;7364;TRUE;NA;TRUE;NA
6;4;4;14;5;3;3;11;0,666666666666667;3,41966383188725;0,75;8006;TRUE;NA;TRUE;NA
6;4;4;14;5;4;3;12;0,416666666666667;3,4202590533981;0,75;8424;TRUE;NA;TRUE;NA
6;4;4;14;5;4;4;13;0,166666666666667;3,42085427490894;0,833;8696;TRUE;NA;TRUE;NA
6;4;4;14;6;4;4;14;0;3,42111507610298;1;8862;TRUE;NA;TRUE;NA
6;5;3;14;0;0;0;0;14;0;0;33;TRUE;NA;TRUE;NA
6;5;3;14;0;0;1;1;12,3333333333333;1;0;119;TRUE;NA;TRUE;NA
6;5;3;14;0;1;1;2;10,5333333333333;2;0;426;TRUE;NA;TRUE;NA
6;5;3;14;1;1;1;3;8,7;3;0,167;1114;TRUE;NA;TRUE;NA
6;5;3;14;2;1;1;4;7,2;3,19198262038019;0,2;1990;TRUE;NA;TRUE;NA
6;5;3;14;2;2;1;5;5,8;3,32999380958941;0,333;2809;TRUE;NA;TRUE;NA
6;5;3;14;2;2;2;6;4,8;3,36685113611746;0,333;3662;TRUE;NA;TRUE;NA
6;5;3;14;3;2;2;7;3,63333333333333;3,4037084626455;0,4;4773;TRUE;NA;TRUE;NA
6;5;3;14;3;3;2;8;2,63333333333333;3,42275555099244;0,5;5700;TRUE;NA;TRUE;NA
6;5;3;14;4;3;2;9;1,8;3,4298315171195;0,6;6664;TRUE;NA;TRUE;NA
6;5;3;14;4;4;2;10;1,2;3,43246022843324;0,667;7389;TRUE;NA;FALSE;8005
6;5;3;14;5;4;2;11;0,7;3,43381869095203;0,667;8028;TRUE;NA;TRUE;NA
6;5;3;14;5;4;3;12;0,366666666666666;3,43517715347083;0,8;8423;TRUE;NA;TRUE;NA
6;5;3;14;5;5;3;13;0,166666666666667;3,43553994504533;0,833;8703;TRUE;NA;TRUE;NA
6;5;3;14;6;5;3;14;0;3,43580074623937;1;8866;TRUE;NA;TRUE;NA
6;6;2;14;0;0;0;0;14;0;0;32;TRUE;NA;TRUE;NA
6;6;2;14;0;0;1;1;12,5;1;0;118;TRUE;NA;TRUE;NA
6;6;2;14;0;1;1;2;10,6666666666667;2;0;425;TRUE;NA;TRUE;NA
6;6;2;14;1;1;1;3;8,83333333333333;3;0,167;1113;TRUE;NA;TRUE;NA
6;6;2;14;1;2;1;4;7,33333333333333;3,19198262038019;0,167;1794;TRUE;NA;TRUE;NA
6;6;2;14;2;2;1;5;5,83333333333333;3,38396524076037;0,333;2808;TRUE;NA;TRUE;NA
6;6;2;14;2;3;1;6;4,66666666666667;3,42082256728842;0,333;3717;TRUE;NA;TRUE;NA
6;6;2;14;3;3;1;7;3,5;3,45767989381646;0,5;4828;TRUE;NA;TRUE;NA
6;6;2;14;3;3;2;8;3;3,46475585994352;0,5;5699;TRUE;NA;TRUE;NA
6;6;2;14;3;4;2;9;2,16666666666667;3,47183182607058;0,5;6572;TRUE;NA;TRUE;NA
6;6;2;14;4;4;2;10;1,33333333333333;3,47890779219764;0,667;7388;TRUE;NA;TRUE;NA
6;6;2;14;4;5;2;11;0,833333333333333;3,48026625471644;0,667;7975;TRUE;NA;TRUE;NA
6;6;2;14;5;5;2;12;0,333333333333333;3,48162471723523;0,833;8437;TRUE;NA;TRUE;NA
6;6;2;14;5;6;2;13;0,166666666666667;3,48188551842928;0,833;8708;TRUE;NA;TRUE;NA
6;6;2;14;6;6;2;14;0;3,48214631962333;1;8869;TRUE;NA;TRUE;NA
7;4;3;14;0;0;0;0;14;0;0;31;TRUE;NA;TRUE;NA
7;4;3;14;0;0;1;1;12,3333333333333;1;0;117;TRUE;NA;TRUE;NA
7;4;3;14;0;1;1;2;10,5833333333333;2;0;424;TRUE;NA;TRUE;NA
7;4;3;14;1;1;1;3;8,72619047619048;3;0,143;1112;TRUE;NA;TRUE;NA
7;4;3;14;2;1;1;4;7,15476190476191;3,24302618535723;0,25;1988;TRUE;NA;TRUE;NA
7;4;3;14;2;2;1;5;5,90476190476191;3,32714494739675;0,286;2807;TRUE;NA;FALSE;3841
7;4;3;14;3;2;1;6;4,61904761904762;3,38620667416604;0,333;3901;TRUE;NA;TRUE;NA
7;4;3;14;3;2;2;7;3,61904761904762;3,42306400069408;0,429;4771;TRUE;NA;TRUE;NA
7;4;3;14;4;2;2;8;2,61904761904762;3,43741754685144;0,5;5837;TRUE;NA;TRUE;NA
7;4;3;14;4;3;2;9;1,86904761904762;3,4444935129785;0,571;6662;TRUE;NA;TRUE;NA
7;4;3;14;5;3;2;10;1,1547619047619;3,44798180054747;0,667;7474;TRUE;NA;TRUE;NA
7;4;3;14;5;3;3;11;0,821428571428571;3,44934026306626;0,714;8004;TRUE;NA;FALSE;8477
7;4;3;14;6;3;3;12;0,392857142857143;3,45018800828758;0,75;8461;TRUE;NA;TRUE;NA
7;4;3;14;6;4;3;13;0,142857142857143;3,45078322979842;0,857;8718;TRUE;NA;TRUE;NA
7;4;3;14;7;4;3;14;0;3,45098925408571;1;8875;TRUE;NA;TRUE;NA
7;5;2;14;0;0;0;0;14;0;0;30;TRUE;NA;TRUE;NA
7;5;2;14;0;0;1;1;12,5;1;0;116;TRUE;NA;TRUE;NA
7;5;2;14;0;1;1;2;10,7;2;0;423;TRUE;NA;TRUE;NA
7;5;2;14;1;1;1;3;8,84285714285715;3;0,143;1111;TRUE;NA;TRUE;NA
7;5;2;14;2;1;1;4;7,27142857142857;3,24302618535723;0,2;1987;TRUE;NA;TRUE;NA
7;5;2;14;2;2;1;5;5,87142857142857;3,38103737456646;0,286;2806;TRUE;NA;TRUE;NA
7;5;2;14;3;2;1;6;4,58571428571429;3,44009910133575;0,4;3900;TRUE;NA;TRUE;NA
7;5;2;14;3;3;1;7;3,58571428571429;3,45914618968269;0,429;4826;TRUE;NA;FALSE;5836
7;5;2;14;4;3;1;8;2,58571428571429;3,47349973584004;0,5;5891;TRUE;NA;TRUE;NA
7;5;2;14;4;3;2;9;2,08571428571429;3,48057570196711;0,571;6661;TRUE;NA;TRUE;NA
7;5;2;14;5;3;2;10;1,37142857142857;3,48406398953608;0,6;7473;TRUE;NA;TRUE;NA
7;5;2;14;5;4;2;11;0,771428571428571;3,48669270084981;0,714;8025;TRUE;NA;TRUE;NA
7;5;2;14;6;4;2;12;0,342857142857143;3,48754044607113;0,8;8476;TRUE;NA;TRUE;NA
7;5;2;14;6;5;2;13;0,142857142857143;3,48790323764562;0,857;8727;TRUE;NA;TRUE;NA
7;5;2;14;7;5;2;14;0;3,48810926193291;1;8879;TRUE;NA;TRUE;NA
7;6;1;14;0;0;0;0;14;0;0;29;TRUE;NA;TRUE;NA
7;6;1;14;0;0;1;1;13;1;0;115;TRUE;NA;TRUE;NA
7;6;1;14;0;1;1;2;11,1666666666667;2;0;422;TRUE;NA;TRUE;NA
7;6;1;14;1;1;1;3;9,30952380952381;3;0,143;1110;TRUE;NA;TRUE;NA
7;6;1;14;2;1;1;4;7,73809523809524;3,24302618535723;0,167;1986;TRUE;NA;TRUE;NA
7;6;1;14;2;2;1;5;6,23809523809524;3,43500880573742;0,286;2805;TRUE;NA;TRUE;NA
7;6;1;14;3;2;1;6;4,95238095238095;3,49407053250671;0,333;3899;TRUE;NA;TRUE;NA
7;6;1;14;3;3;1;7;3,78571428571429;3,53092785903475;0,429;4825;TRUE;NA;TRUE;NA
7;6;1;14;4;3;1;8;2,78571428571429;3,5452814051921;0,5;5890;TRUE;NA;TRUE;NA
7;6;1;14;4;4;1;9;1,95238095238095;3,55235737131916;0,571;6704;TRUE;NA;TRUE;NA
7;6;1;14;5;4;1;10;1,23809523809524;3,55584565888813;0,667;7511;TRUE;NA;TRUE;NA
7;6;1;14;5;5;1;11;0,738095238095238;3,55720412140693;0,714;8050;TRUE;NA;TRUE;NA
7;6;1;14;6;5;1;12;0,30952380952381;3,55805186662824;0,833;8494;TRUE;NA;TRUE;NA
7;6;1;14;6;6;1;13;0,142857142857143;3,55831266782229;0,857;8735;TRUE;NA;TRUE;NA
7;6;1;14;7;6;1;14;0;3,55851869210958;1;8883;TRUE;NA;TRUE;NA
8;3;3;14;0;0;0;0;14;0;0;28;TRUE;NA;TRUE;NA
8;3;3;14;0;0;1;1;12,3333333333333;1;0;114;TRUE;NA;TRUE;NA
8;3;3;14;0;1;1;2;10,6666666666667;2;0;421;TRUE;NA;TRUE;NA
8;3;3;14;1;1;1;3;8,79166666666667;3;0,125;1109;TRUE;NA;TRUE;NA
8;3;3;14;2;1;1;4;7,16666666666667;3,29003234654004;0,25;1985;TRUE;NA;TRUE;NA
8;3;3;14;3;1;1;5;5,79166666666667;3,37415110857956;0,333;2999;TRUE;NA;TRUE;NA
8;3;3;14;3;1;2;6;4,79166666666667;3,41100843510761;0,333;3839;TRUE;NA;TRUE;NA
8;3;3;14;3;2;2;7;3,79166666666667;3,44786576163565;0,375;4769;TRUE;NA;TRUE;NA
8;3;3;14;4;2;2;8;2,66666666666667;3,47226292357801;0,5;5835;TRUE;NA;TRUE;NA
8;3;3;14;5;2;2;9;1,79166666666667;3,47933888970508;0,625;6794;TRUE;NA;TRUE;NA
8;3;3;14;6;2;2;10;1,16666666666667;3,48139114876495;0,667;7587;TRUE;NA;FALSE;8003
8;3;3;14;6;2;3;11;0,833333333333333;3,48274961128374;0,667;8078;TRUE;NA;TRUE;NA
8;3;3;14;6;3;3;12;0,5;3,48410807380254;0,75;8460;TRUE;NA;TRUE;NA
8;3;3;14;7;3;3;13;0,125;3,48470329531338;0,875;8744;TRUE;NA;TRUE;NA
8;3;3;14;8;3;3;14;0;3,48487592880488;1;8887;TRUE;NA;TRUE;NA
8;4;2;14;0;0;0;0;14;0;0;27;TRUE;NA;TRUE;NA
8;4;2;14;0;0;1;1;12,5;1;0;113;TRUE;NA;TRUE;NA
8;4;2;14;0;1;1;2;10,75;2;0;420;TRUE;NA;TRUE;NA
8;4;2;14;1;1;1;3;8,875;3;0,125;1108;TRUE;NA;TRUE;NA
8;4;2;14;2;1;1;4;7,25;3,29003234654004;0,25;1984;TRUE;NA;TRUE;NA
8;4;2;14;2;2;1;5;6;3,37415110857956;0,25;2803;TRUE;NA;TRUE;NA
8;4;2;14;3;2;1;6;4,625;3,45826987061909;0,375;3897;TRUE;NA;TRUE;NA
8;4;2;14;4;2;1;7;3,5;3,48266703256145;0,5;5006;TRUE;NA;TRUE;NA
8;4;2;14;4;2;2;8;3;3,48974299868851;0,5;5834;TRUE;NA;TRUE;NA
8;4;2;14;4;3;2;9;2,25;3,49681896481557;0,5;6659;TRUE;NA;TRUE;NA
8;4;2;14;5;3;2;10;1,375;3,50389493094264;0,625;7471;TRUE;NA;TRUE;NA
8;4;2;14;6;3;2;11;0,75;3,50594719000251;0,75;8096;TRUE;NA;TRUE;NA
8;4;2;14;6;4;2;12;0,5;3,50654241151335;0,75;8475;TRUE;NA;TRUE;NA
8;4;2;14;7;4;2;13;0,125;3,50713763302419;0,875;8753;TRUE;NA;TRUE;NA
8;4;2;14;8;4;2;14;0;3,50731026651569;1;8891;TRUE;NA;TRUE;NA
8;5;1;14;0;0;0;0;14;0;0;26;TRUE;NA;TRUE;NA
8;5;1;14;0;0;1;1;13;1;0;112;TRUE;NA;TRUE;NA
8;5;1;14;0;1;1;2;11,2;2;0;419;TRUE;NA;TRUE;NA
8;5;1;14;1;1;1;3;9,325;3;0,125;1107;TRUE;NA;TRUE;NA
8;5;1;14;2;1;1;4;7,7;3,29003234654004;0,2;1983;TRUE;NA;TRUE;NA
8;5;1;14;2;2;1;5;6,3;3,42804353574927;0,25;2802;TRUE;NA;TRUE;NA
8;5;1;14;3;2;1;6;4,925;3,51216229778879;0,375;3896;TRUE;NA;TRUE;NA
8;5;1;14;4;2;1;7;3,8;3,53655945973116;0,4;5005;TRUE;NA;TRUE;NA
8;5;1;14;4;3;1;8;2,8;3,5556065480781;0,5;5887;TRUE;NA;TRUE;NA
8;5;1;14;5;3;1;9;1,925;3,56268251420516;0,6;6841;TRUE;NA;TRUE;NA
8;5;1;14;5;4;1;10;1,325;3,5653112255189;0,625;7509;TRUE;NA;FALSE;8206
8;5;1;14;6;4;1;11;0,7;3,56736348457877;0,75;8125;TRUE;NA;TRUE;NA
8;5;1;14;7;4;1;12;0,325;3,56795870608961;0,8;8545;TRUE;NA;TRUE;NA
8;5;1;14;7;5;1;13;0,125;3,56832149766411;0,875;8763;TRUE;NA;TRUE;NA
8;5;1;14;8;5;1;14;0;3,56849413115561;1;8895;TRUE;NA;TRUE;NA
9;3;2;14;0;0;0;0;14;0;0;25;TRUE;NA;TRUE;NA
9;3;2;14;0;0;1;1;12,5;1;0;111;TRUE;NA;TRUE;NA
9;3;2;14;0;1;1;2;10,8333333333333;2;0;418;TRUE;NA;TRUE;NA
9;3;2;14;1;1;1;3;8,94444444444444;3;0,111;1106;TRUE;NA;TRUE;NA
9;3;2;14;2;1;1;4;7,27777777777778;3,33279332745973;0,222;1982;TRUE;NA;TRUE;NA
9;3;2;14;3;1;1;5;5,83333333333333;3,44354472626144;0,333;2996;TRUE;NA;TRUE;NA
9;3;2;14;3;2;1;6;4,83333333333333;3,48040205278949;0,333;3895;TRUE;NA;TRUE;NA
9;3;2;14;4;2;1;7;3,61111111111111;3,51725937931753;0,444;5004;TRUE;NA;TRUE;NA
9;3;2;14;5;2;1;8;2,61111111111111;3,52952525165407;0,5;6060;TRUE;NA;TRUE;NA
9;3;2;14;5;2;2;9;2,11111111111111;3,53660121778113;0,556;6792;TRUE;NA;TRUE;NA
9;3;2;14;6;2;2;10;1,33333333333333;3,5406832182502;0,667;7585;TRUE;NA;TRUE;NA
9;3;2;14;6;3;2;11;1;3,542041680769;0,667;8095;TRUE;NA;TRUE;NA
9;3;2;14;7;3;2;12;0,444444444444444;3,54340014328779;0,778;8525;TRUE;NA;TRUE;NA
9;3;2;14;8;3;2;13;0,111111111111111;3,54385223054965;0,889;8779;TRUE;NA;TRUE;NA
9;3;2;14;9;3;2;14;0;3,54400268217383;1;8901;TRUE;NA;TRUE;NA
9;4;1;14;0;0;0;0;14;0;0;24;TRUE;NA;TRUE;NA
9;4;1;14;0;0;1;1;13;1;0;110;TRUE;NA;TRUE;NA
9;4;1;14;0;1;1;2;11,25;2;0;417;TRUE;NA;TRUE;NA
9;4;1;14;1;1;1;3;9,36111111111111;3;0,111;1105;TRUE;NA;TRUE;NA
9;4;1;14;2;1;1;4;7,69444444444444;3,33279332745973;0,222;1981;TRUE;NA;TRUE;NA
9;4;1;14;3;1;1;5;6,25;3,44354472626144;0,25;2995;TRUE;NA;TRUE;NA
9;4;1;14;3;2;1;6;5;3,52766348830097;0,333;3894;TRUE;NA;TRUE;NA
9;4;1;14;4;2;1;7;3,77777777777778;3,56452081482901;0,444;5003;TRUE;NA;TRUE;NA
9;4;1;14;5;2;1;8;2,77777777777778;3,57678668716555;0,5;6059;TRUE;NA;TRUE;NA
9;4;1;14;5;3;1;9;2,02777777777778;3,58386265329261;0,556;6839;TRUE;NA;TRUE;NA
9;4;1;14;6;3;1;10;1,25;3,58794465376168;0,667;7622;TRUE;NA;TRUE;NA
9;4;1;14;7;3;1;11;0,694444444444444;3,58930311628048;0,75;8204;TRUE;NA;TRUE;NA
9;4;1;14;7;4;1;12;0,444444444444444;3,58989833779132;0,778;8544;TRUE;NA;FALSE;8812
9;4;1;14;8;4;1;13;0,111111111111111;3,59035042505318;0,889;8789;TRUE;NA;TRUE;NA
9;4;1;14;9;4;1;14;0;3,59050087667735;1;8905;TRUE;NA;TRUE;NA
10;2;2;14;0;0;0;0;14;0;0;23;TRUE;NA;TRUE;NA
10;2;2;14;0;0;1;1;12,5;1;0;109;TRUE;NA;TRUE;NA
10;2;2;14;0;1;1;2;11;2;0;416;TRUE;NA;TRUE;NA
10;2;2;14;1;1;1;3;9,1;3;0,1;1104;TRUE;NA;TRUE;NA
10;2;2;14;2;1;1;4;7,4;3,37149857228424;0,2;1980;TRUE;NA;TRUE;NA
10;2;2;14;3;1;1;5;5,9;3,50950976149346;0,3;2994;TRUE;NA;TRUE;NA
10;2;2;14;4;1;1;6;4,6;3,56078072124394;0,4;4087;TRUE;NA;TRUE;NA
10;2;2;14;5;1;1;7;3,5;3,57982780959089;0,5;5189;TRUE;NA;TRUE;NA
10;2;2;14;5;1;2;8;3;3,58690377571795;0,5;6007;TRUE;NA;TRUE;NA
10;2;2;14;5;2;2;9;2,5;3,59397974184501;0,5;6791;TRUE;NA;TRUE;NA
10;2;2;14;6;2;2;10;1,6;3,60105570797207;0,6;7584;TRUE;NA;TRUE;NA
10;2;2;14;7;2;2;11;0,9;3,60368441928581;0,7;8177;TRUE;NA;TRUE;NA
10;2;2;14;8;2;2;12;0,4;3,60466098178581;0,8;8573;TRUE;NA;TRUE;NA
10;2;2;14;9;2;2;13;0,1;3,6050237733603;0,9;8802;TRUE;NA;TRUE;NA
10;2;2;14;10;2;2;14;0;3,60515854991226;1;8909;TRUE;NA;TRUE;NA
10;3;1;14;0;0;0;0;14;0;0;22;TRUE;NA;TRUE;NA
10;3;1;14;0;0;1;1;13;1;0;108;TRUE;NA;TRUE;NA
10;3;1;14;0;1;1;2;11,3333333333333;2;0;415;TRUE;NA;TRUE;NA
10;3;1;14;1;1;1;3;9,43333333333334;3;0,1;1103;TRUE;NA;TRUE;NA
10;3;1;14;2;1;1;4;7,73333333333333;3,37149857228424;0,2;1979;TRUE;NA;TRUE;NA
10;3;1;14;3;1;1;5;6,23333333333333;3,50950976149346;0,3;2993;TRUE;NA;TRUE;NA
10;3;1;14;4;1;1;6;4,93333333333333;3,56078072124394;0,333;4086;TRUE;NA;TRUE;NA
10;3;1;14;4;2;1;7;3,93333333333333;3,59763804777198;0,4;5001;TRUE;NA;TRUE;NA
10;3;1;14;5;2;1;8;2,83333333333333;3,61668513611893;0,5;6057;TRUE;NA;TRUE;NA
10;3;1;14;6;2;1;9;1,93333333333333;3,62376110224599;0,6;6984;TRUE;NA;TRUE;NA
10;3;1;14;7;2;1;10;1,23333333333333;3,62638981355973;0,667;7728;TRUE;NA;TRUE;NA
10;3;1;14;7;3;1;11;0,9;3,62774827607852;0,7;8203;TRUE;NA;TRUE;NA
10;3;1;14;8;3;1;12;0,4;3,62872483857852;0,8;8589;TRUE;NA;TRUE;NA
10;3;1;14;9;3;1;13;0,1;3,62908763015302;0,9;8811;TRUE;NA;TRUE;NA
10;3;1;14;10;3;1;14;0;3,62922240670498;1;8913;TRUE;NA;TRUE;NA
11;2;1;14;0;0;0;0;14;0;0;21;TRUE;NA;TRUE;NA
11;2;1;14;0;0;1;1;13;1;0;107;TRUE;NA;TRUE;NA
11;2;1;14;0;1;1;2;11,5;2;0;414;TRUE;NA;TRUE;NA
11;2;1;14;1;1;1;3;9,59090909090909;3;0,091;1102;TRUE;NA;TRUE;NA
11;2;1;14;2;1;1;4;7,86363636363636;3,40649195398527;0,182;1978;TRUE;NA;TRUE;NA
11;2;1;14;3;1;1;5;6,31818181818182;3,57172766264002;0,273;2992;TRUE;NA;TRUE;NA
11;2;1;14;4;1;1;6;4,95454545454545;3,63889464871924;0,364;4085;TRUE;NA;TRUE;NA
11;2;1;14;5;1;1;7;3,77272727272727;3,66619748813388;0,455;5187;TRUE;NA;TRUE;NA
11;2;1;14;6;1;1;8;2,77272727272727;3,67729587267688;0,5;6220;TRUE;NA;TRUE;NA
11;2;1;14;6;2;1;9;2,27272727272727;3,68437183880394;0,545;6983;TRUE;NA;TRUE;NA
11;2;1;14;7;2;1;10;1,45454545454545;3,68888324282291;0,636;7727;TRUE;NA;TRUE;NA
11;2;1;14;8;2;1;11;0,818181818181818;3,69071709225779;0,727;8269;TRUE;NA;TRUE;NA
11;2;1;14;9;2;1;12;0,363636363636363;3,6914625372979;0,818;8625;TRUE;NA;TRUE;NA
11;2;1;14;10;2;1;13;0,090909090909091;3,69176555470884;0,909;8827;TRUE;NA;TRUE;NA
11;2;1;14;11;2;1;14;0;3,6918887288483;1;8919;TRUE;NA;TRUE;NA
12;1;1;14;0;0;0;0;14;0;0;20;TRUE;NA;TRUE;NA
12;1;1;14;0;0;1;1;13;1;0;106;TRUE;NA;TRUE;NA
12;1;1;14;0;1;1;2;12;2;0;413;TRUE;NA;TRUE;NA
12;1;1;14;1;1;1;3;10,0833333333333;3;0,083;1101;TRUE;NA;TRUE;NA
12;1;1;14;2;1;1;4;8,33333333333333;3,43815821386822;0,167;1977;TRUE;NA;TRUE;NA
12;1;1;14;3;1;1;5;6,75;3,6301408342484;0,25;2991;TRUE;NA;TRUE;NA
12;1;1;14;4;1;1;6;5,33333333333333;3,71425959628793;0,333;4084;TRUE;NA;TRUE;NA
12;1;1;14;5;1;1;7;4,08333333333333;3,75111692281597;0,417;5186;TRUE;NA;TRUE;NA
12;1;1;14;6;1;1;8;3;3,76726626317545;0,5;6219;TRUE;NA;TRUE;NA
12;1;1;14;7;1;1;9;2,08333333333333;3,77434222930251;0,583;7109;TRUE;NA;TRUE;NA
12;1;1;14;8;1;1;10;1,33333333333333;3,77744262198214;0,667;7812;TRUE;NA;TRUE;NA
12;1;1;14;9;1;1;11;0,75;3,77880108450093;0,75;8321;TRUE;NA;TRUE;NA
12;1;1;14;10;1;1;12;0,333333333333333;3,77939630601178;0,833;8653;TRUE;NA;TRUE;NA
12;1;1;14;11;1;1;13;0,0833333333333334;3,77965710720582;0,917;8840;TRUE;NA;TRUE;NA
12;1;1;14;12;1;1;14;0;3,77977137939118;1;8923;TRUE;NA;TRUE;NA
5;5;5;15;0;0;0;0;15;0;0;19;TRUE;NA;TRUE;NA
5;5;5;15;0;0;1;1;13,2;1;0;105;TRUE;NA;TRUE;NA
5;5;5;15;0;1;1;2;11,4;2;0;412;TRUE;NA;TRUE;NA
5;5;5;15;1;1;1;3;9,6;3;0,2;1100;TRUE;NA;TRUE;NA
5;5;5;15;1;1;2;4;8,2;3,13801118920923;0,2;1727;TRUE;NA;TRUE;NA
5;5;5;15;1;2;2;5;6,8;3,27602237841845;0,2;2560;TRUE;NA;TRUE;NA
5;5;5;15;2;2;2;6;5,4;3,41403356762768;0,4;3654;TRUE;NA;TRUE;NA
5;5;5;15;2;2;3;7;4,4;3,43308065597462;0,4;4599;TRUE;NA;TRUE;NA
5;5;5;15;2;3;3;8;3,4;3,45212774432157;0,4;5578;TRUE;NA;TRUE;NA
5;5;5;15;3;3;3;9;2,4;3,47117483266851;0,6;6543;TRUE;NA;TRUE;NA
5;5;5;15;3;3;4;10;1,8;3,47380354398225;0,6;7304;TRUE;NA;TRUE;NA
5;5;5;15;3;4;4;11;1,2;3,47643225529598;0,6;7928;TRUE;NA;TRUE;NA
5;5;5;15;4;4;4;12;0,6;3,47906096660972;0,8;8393;TRUE;NA;TRUE;NA
5;5;5;15;4;4;5;13;0,4;3,47942375818422;0,8;8687;TRUE;NA;TRUE;NA
5;5;5;15;4;5;5;14;0,2;3,47978654975871;0,8;8854;TRUE;NA;TRUE;NA
5;5;5;15;5;5;5;15;0;3,48014934133321;1;8927;TRUE;NA;TRUE;NA
6;5;4;15;0;0;0;0;15;0;0;18;TRUE;NA;TRUE;NA
6;5;4;15;0;0;1;1;13,25;1;0;104;TRUE;NA;TRUE;NA
6;5;4;15;0;1;1;2;11,45;2;0;411;TRUE;NA;TRUE;NA
6;5;4;15;1;1;1;3;9,61666666666667;3;0,167;1099;TRUE;NA;TRUE;NA
6;5;4;15;2;1;1;4;8,11666666666667;3,19198262038019;0,2;1975;TRUE;NA;FALSE;2559
6;5;4;15;2;2;1;5;6,71666666666667;3,32999380958941;0,25;2795;TRUE;NA;TRUE;NA
6;5;4;15;2;2;2;6;5,46666666666667;3,41411257162894;0,333;3653;TRUE;NA;TRUE;NA
6;5;4;15;3;2;2;7;4,3;3,45096989815698;0,4;4764;TRUE;NA;TRUE;NA
6;5;4;15;3;3;2;8;3,3;3,47001698650392;0,5;5692;TRUE;NA;TRUE;NA
6;5;4;15;3;3;3;9;2,55;3,47709295263098;0,5;6542;TRUE;NA;TRUE;NA
6;5;4;15;4;3;3;10;1,71666666666667;3,48416891875805;0,6;7359;TRUE;NA;TRUE;NA
6;5;4;15;4;4;3;11;1,11666666666667;3,48679763007178;0,667;7956;TRUE;NA;TRUE;NA
6;5;4;15;5;4;3;12;0,616666666666666;3,48815609259058;0,75;8420;TRUE;NA;TRUE;NA
6;5;4;15;5;4;4;13;0,366666666666666;3,48875131410142;0,8;8694;TRUE;NA;FALSE;8865
6;5;4;15;5;5;4;14;0,166666666666667;3,48911410567591;0,833;8856;TRUE;NA;TRUE;NA
6;5;4;15;6;5;4;15;0;3,48937490686996;1;8928;TRUE;NA;TRUE;NA
6;6;3;15;0;0;0;0;15;0;0;17;TRUE;NA;TRUE;NA
6;6;3;15;0;0;1;1;13,3333333333333;1;0;103;TRUE;NA;TRUE;NA
6;6;3;15;0;1;1;2;11,5;2;0;410;TRUE;NA;TRUE;NA
6;6;3;15;1;1;1;3;9,66666666666667;3;0,167;1098;TRUE;NA;TRUE;NA
6;6;3;15;1;2;1;4;8,16666666666667;3,19198262038019;0,167;1780;TRUE;NA;TRUE;NA
6;6;3;15;2;2;1;5;6,66666666666667;3,38396524076037;0,333;2794;TRUE;NA;TRUE;NA
6;6;3;15;2;3;1;6;5,5;3,42082256728842;0,333;3705;TRUE;NA;TRUE;NA
6;6;3;15;2;3;2;7;4,5;3,45767989381646;0,333;4624;TRUE;NA;TRUE;NA
6;6;3;15;3;3;2;8;3,33333333333333;3,4945372203445;0,5;5691;TRUE;NA;TRUE;NA
6;6;3;15;3;4;2;9;2,5;3,50161318647156;0,5;6566;TRUE;NA;TRUE;NA
6;6;3;15;4;4;2;10;1,66666666666667;3,50868915259862;0,667;7382;TRUE;NA;TRUE;NA
6;6;3;15;4;5;2;11;1,16666666666667;3,51004761511742;0,667;7971;TRUE;NA;TRUE;NA
6;6;3;15;4;5;3;12;0,833333333333333;3,51140607763621;0,667;8399;TRUE;NA;TRUE;NA
6;6;3;15;5;5;3;13;0,333333333333333;3,51276454015501;0,833;8700;TRUE;NA;TRUE;NA
6;6;3;15;5;6;3;14;0,166666666666667;3,51302534134905;0,833;8859;TRUE;NA;TRUE;NA
6;6;3;15;6;6;3;15;0;3,5132861425431;1;8929;TRUE;NA;TRUE;NA
7;4;4;15;0;0;0;0;15;0;0;16;TRUE;NA;TRUE;NA
7;4;4;15;0;0;1;1;13,25;1;0;102;TRUE;NA;TRUE;NA
7;4;4;15;0;1;1;2;11,5;2;0;409;TRUE;NA;TRUE;NA
7;4;4;15;1;1;1;3;9,64285714285714;3;0,143;1097;TRUE;NA;TRUE;NA
7;4;4;15;2;1;1;4;8,07142857142857;3,24302618535723;0,25;1973;TRUE;NA;TRUE;NA
7;4;4;15;2;1;2;5;6,82142857142857;3,32714494739675;0,25;2738;TRUE;NA;TRUE;NA
7;4;4;15;2;2;2;6;5,57142857142857;3,41126370943628;0,286;3651;TRUE;NA;TRUE;NA
7;4;4;15;3;2;2;7;4,28571428571429;3,47032543620556;0,429;4762;TRUE;NA;TRUE;NA
7;4;4;15;4;2;2;8;3,28571428571429;3,48467898236292;0,5;5828;TRUE;NA;TRUE;NA
7;4;4;15;4;3;2;9;2,53571428571429;3,49175494848998;0,5;6654;TRUE;NA;TRUE;NA
7;4;4;15;4;3;3;10;1,78571428571429;3,49883091461704;0,571;7357;TRUE;NA;TRUE;NA
7;4;4;15;5;3;3;11;1,07142857142857;3,50231920218601;0,714;7999;TRUE;NA;TRUE;NA
7;4;4;15;6;3;3;12;0,642857142857143;3,50316694740733;0,75;8457;TRUE;NA;FALSE;8693
7;4;4;15;6;4;3;13;0,392857142857143;3,50376216891817;0,75;8715;TRUE;NA;TRUE;NA
7;4;4;15;6;4;4;14;0,142857142857143;3,50435739042901;0,857;8860;TRUE;NA;TRUE;NA
7;4;4;15;7;4;4;15;0;3,5045634147163;1;8930;TRUE;NA;TRUE;NA
7;5;3;15;0;0;0;0;15;0;0;15;TRUE;NA;TRUE;NA
7;5;3;15;0;0;1;1;13,3333333333333;1;0;101;TRUE;NA;TRUE;NA
7;5;3;15;0;1;1;2;11,5333333333333;2;0;408;TRUE;NA;TRUE;NA
7;5;3;15;1;1;1;3;9,67619047619048;3;0,143;1096;TRUE;NA;TRUE;NA
7;5;3;15;2;1;1;4;8,10476190476191;3,24302618535723;0,2;1972;TRUE;NA;TRUE;NA
7;5;3;15;2;2;1;5;6,70476190476191;3,38103737456646;0,286;2792;TRUE;NA;TRUE;NA
7;5;3;15;3;2;1;6;5,41904761904762;3,44009910133575;0,333;3886;TRUE;NA;TRUE;NA
7;5;3;15;3;2;2;7;4,41904761904762;3,47695642786379;0,4;4761;TRUE;NA;TRUE;NA
7;5;3;15;3;3;2;8;3,41904761904762;3,49600351621073;0,429;5689;TRUE;NA;TRUE;NA
7;5;3;15;4;3;2;9;2,41904761904762;3,51035706236809;0,571;6653;TRUE;NA;TRUE;NA
7;5;3;15;5;3;2;10;1,7047619047619;3,51384534993706;0,6;7465;TRUE;NA;FALSE;7953
7;5;3;15;5;4;2;11;1,1047619047619;3,51647406125079;0,667;8019;TRUE;NA;TRUE;NA
7;5;3;15;5;4;3;12;0,771428571428571;3,51783252376959;0,714;8417;TRUE;NA;TRUE;NA
7;5;3;15;6;4;3;13;0,342857142857143;3,5186802689909;0,8;8714;TRUE;NA;TRUE;NA
7;5;3;15;6;5;3;14;0,142857142857143;3,5190430605654;0,857;8863;TRUE;NA;TRUE;NA
7;5;3;15;7;5;3;15;0;3,51924908485269;1;8931;TRUE;NA;TRUE;NA
7;6;2;15;0;0;0;0;15;0;0;14;TRUE;NA;TRUE;NA
7;6;2;15;0;0;1;1;13,5;1;0;100;TRUE;NA;TRUE;NA
7;6;2;15;0;1;1;2;11,6666666666667;2;0;407;TRUE;NA;TRUE;NA
7;6;2;15;1;1;1;3;9,80952380952381;3;0,143;1095;TRUE;NA;TRUE;NA
7;6;2;15;2;1;1;4;8,23809523809524;3,24302618535723;0,167;1971;TRUE;NA;TRUE;NA
7;6;2;15;2;2;1;5;6,73809523809524;3,43500880573742;0,286;2791;TRUE;NA;TRUE;NA
7;6;2;15;3;2;1;6;5,45238095238095;3,49407053250671;0,333;3885;TRUE;NA;TRUE;NA
7;6;2;15;3;3;1;7;4,28571428571429;3,53092785903475;0,429;4813;TRUE;NA;TRUE;NA
7;6;2;15;4;3;1;8;3,28571428571429;3,5452814051921;0,5;5878;TRUE;NA;TRUE;NA
7;6;2;15;4;3;2;9;2,78571428571429;3,55235737131916;0,5;6652;TRUE;NA;TRUE;NA
7;6;2;15;4;4;2;10;1,95238095238095;3,55943333744622;0,571;7379;TRUE;NA;TRUE;NA
7;6;2;15;5;4;2;11;1,23809523809524;3,56292162501519;0,667;8018;TRUE;NA;TRUE;NA
7;6;2;15;5;5;2;12;0,738095238095238;3,56428008753399;0,714;8431;TRUE;NA;TRUE;NA
7;6;2;15;6;5;2;13;0,30952380952381;3,5651278327553;0,833;8723;TRUE;NA;TRUE;NA
7;6;2;15;6;6;2;14;0,142857142857143;3,56538863394935;0,857;8867;TRUE;NA;TRUE;NA
7;6;2;15;7;6;2;15;0;3,56559465823664;1;8932;TRUE;NA;TRUE;NA
7;7;1;15;0;0;0;0;15;0;0;13;TRUE;NA;TRUE;NA
7;7;1;15;0;0;1;1;14;1;0;99;TRUE;NA;TRUE;NA
7;7;1;15;0;1;1;2;12,1428571428571;2;0;406;TRUE;NA;TRUE;NA
7;7;1;15;1;1;1;3;10,2857142857143;3;0,143;1094;TRUE;NA;TRUE;NA
7;7;1;15;1;2;1;4;8,71428571428572;3,24302618535723;0,143;1776;TRUE;NA;TRUE;NA
7;7;1;15;2;2;1;5;7,14285714285714;3,48605237071447;0,286;2790;TRUE;NA;TRUE;NA
7;7;1;15;2;3;1;6;5,85714285714286;3,54511409748375;0,286;3701;TRUE;NA;TRUE;NA
7;7;1;15;3;3;1;7;4,57142857142857;3,60417582425304;0,429;4812;TRUE;NA;TRUE;NA
7;7;1;15;3;4;1;8;3,57142857142857;3,61852937041039;0,429;5731;TRUE;NA;TRUE;NA
7;7;1;15;4;4;1;9;2,57142857142857;3,63288291656774;0,571;6694;TRUE;NA;TRUE;NA
7;7;1;15;4;5;1;10;1,85714285714286;3,63637120413671;0,571;7407;TRUE;NA;TRUE;NA
7;7;1;15;5;5;1;11;1,14285714285714;3,63985949170568;0,714;8043;TRUE;NA;TRUE;NA
7;7;1;15;5;6;1;12;0,714285714285714;3,640707236927;0,714;8444;TRUE;NA;TRUE;NA
7;7;1;15;6;6;1;13;0,285714285714286;3,64155498214831;0,857;8732;TRUE;NA;TRUE;NA
7;7;1;15;6;7;1;14;0,142857142857143;3,64176100643561;0,857;8870;TRUE;NA;TRUE;NA
7;7;1;15;7;7;1;15;0;3,6419670307229;1;8933;TRUE;NA;TRUE;NA
8;4;3;15;0;0;0;0;15;0;0;12;TRUE;NA;TRUE;NA
8;4;3;15;0;0;1;1;13,3333333333333;1;0;98;TRUE;NA;TRUE;NA
8;4;3;15;0;1;1;2;11,5833333333333;2;0;405;TRUE;NA;TRUE;NA
8;4;3;15;1;1;1;3;9,70833333333333;3;0,125;1093;TRUE;NA;TRUE;NA
8;4;3;15;2;1;1;4;8,08333333333333;3,29003234654004;0,25;1969;TRUE;NA;TRUE;NA
8;4;3;15;2;2;1;5;6,83333333333333;3,37415110857956;0,25;2789;TRUE;NA;TRUE;NA
8;4;3;15;3;2;1;6;5,45833333333333;3,45826987061909;0,333;3883;TRUE;NA;TRUE;NA
8;4;3;15;3;2;2;7;4,45833333333333;3,49512719714713;0,375;4759;TRUE;NA;TRUE;NA
8;4;3;15;4;2;2;8;3,33333333333333;3,51952435908949;0,5;5825;TRUE;NA;TRUE;NA
8;4;3;15;4;3;2;9;2,58333333333333;3,52660032521656;0,5;6651;TRUE;NA;TRUE;NA
8;4;3;15;5;3;2;10;1,70833333333333;3,53367629134362;0,625;7463;TRUE;NA;TRUE;NA
8;4;3;15;6;3;2;11;1,08333333333333;3,53572855040349;0,667;8089;TRUE;NA;TRUE;NA
8;4;3;15;6;3;3;12;0,75;3,53708701292228;0,75;8455;TRUE;NA;TRUE;NA
8;4;3;15;6;4;3;13;0,5;3,53768223443312;0,75;8713;TRUE;NA;TRUE;NA
8;4;3;15;7;4;3;14;0,125;3,53827745594397;0,875;8872;TRUE;NA;TRUE;NA
8;4;3;15;8;4;3;15;0;3,53845008943547;1;8934;TRUE;NA;TRUE;NA
8;5;2;15;0;0;0;0;15;0;0;11;TRUE;NA;TRUE;NA
8;5;2;15;0;0;1;1;13,5;1;0;97;TRUE;NA;TRUE;NA
8;5;2;15;0;1;1;2;11,7;2;0;404;TRUE;NA;TRUE;NA
8;5;2;15;1;1;1;3;9,825;3;0,125;1092;TRUE;NA;TRUE;NA
8;5;2;15;2;1;1;4;8,2;3,29003234654004;0,2;1968;TRUE;NA;TRUE;NA
8;5;2;15;2;2;1;5;6,8;3,42804353574927;0,25;2788;TRUE;NA;TRUE;NA
8;5;2;15;3;2;1;6;5,425;3,51216229778879;0,375;3882;TRUE;NA;TRUE;NA
8;5;2;15;4;2;1;7;4,3;3,53655945973116;0,4;4991;TRUE;NA;FALSE;5686
8;5;2;15;4;3;1;8;3,3;3,5556065480781;0,5;5875;TRUE;NA;TRUE;NA
8;5;2;15;4;3;2;9;2,8;3,56268251420516;0,5;6650;TRUE;NA;TRUE;NA
8;5;2;15;5;3;2;10;1,925;3,56975848033222;0,6;7462;TRUE;NA;TRUE;NA
8;5;2;15;5;4;2;11;1,325;3,57238719164596;0,625;8016;TRUE;NA;FALSE;8520
8;5;2;15;6;4;2;12;0,7;3,57443945070583;0,75;8468;TRUE;NA;TRUE;NA
8;5;2;15;7;4;2;13;0,325;3,57503467221667;0,8;8748;TRUE;NA;TRUE;NA
8;5;2;15;7;5;2;14;0,125;3,57539746379117;0,875;8876;TRUE;NA;TRUE;NA
8;5;2;15;8;5;2;15;0;3,57557009728267;1;8935;TRUE;NA;TRUE;NA
8;6;1;15;0;0;0;0;15;0;0;10;TRUE;NA;TRUE;NA
8;6;1;15;0;0;1;1;14;1;0;96;TRUE;NA;TRUE;NA
8;6;1;15;0;1;1;2;12,1666666666667;2;0;403;TRUE;NA;TRUE;NA
8;6;1;15;1;1;1;3;10,2916666666667;3;0,125;1091;TRUE;NA;TRUE;NA
8;6;1;15;2;1;1;4;8,66666666666667;3,29003234654004;0,167;1967;TRUE;NA;TRUE;NA
8;6;1;15;2;2;1;5;7,16666666666667;3,48201496692023;0,25;2787;TRUE;NA;TRUE;NA
8;6;1;15;3;2;1;6;5,79166666666667;3,56613372895975;0,333;3881;TRUE;NA;TRUE;NA
8;6;1;15;3;3;1;7;4,625;3,60299105548779;0,375;4809;TRUE;NA;TRUE;NA
8;6;1;15;4;3;1;8;3,5;3,62738821743016;0,5;5874;TRUE;NA;TRUE;NA
8;6;1;15;4;4;1;9;2,66666666666667;3,63446418355722;0,5;6691;TRUE;NA;TRUE;NA
8;6;1;15;5;4;1;10;1,79166666666667;3,64154014968428;0,625;7498;TRUE;NA;TRUE;NA
8;6;1;15;6;4;1;11;1,16666666666667;3,64359240874415;0,667;8115;TRUE;NA;TRUE;NA
8;6;1;15;6;5;1;12;0,666666666666667;3,64495087126295;0,75;8486;TRUE;NA;TRUE;NA
8;6;1;15;7;5;1;13;0,291666666666667;3,64554609277379;0,833;8758;TRUE;NA;TRUE;NA
8;6;1;15;7;6;1;14;0,125;3,64580689396783;0,875;8880;TRUE;NA;TRUE;NA
8;6;1;15;8;6;1;15;0;3,64597952745933;1;8936;TRUE;NA;TRUE;NA
9;3;3;15;0;0;0;0;15;0;0;9;TRUE;NA;TRUE;NA
9;3;3;15;0;0;1;1;13,3333333333333;1;0;95;TRUE;NA;TRUE;NA
9;3;3;15;0;1;1;2;11,6666666666667;2;0;402;TRUE;NA;TRUE;NA
9;3;3;15;1;1;1;3;9,77777777777778;3;0,111;1090;TRUE;NA;TRUE;NA
9;3;3;15;2;1;1;4;8,11111111111111;3,33279332745973;0,222;1966;TRUE;NA;TRUE;NA
9;3;3;15;3;1;1;5;6,66666666666667;3,44354472626144;0,333;2980;TRUE;NA;TRUE;NA
9;3;3;15;3;2;1;6;5,66666666666667;3,48040205278949;0,333;3880;TRUE;NA;TRUE;NA
9;3;3;15;3;2;2;7;4,66666666666667;3,51725937931753;0,333;4757;TRUE;NA;TRUE;NA
9;3;3;15;4;2;2;8;3,44444444444445;3,55411670584557;0,444;5823;TRUE;NA;TRUE;NA
9;3;3;15;5;2;2;9;2,44444444444444;3,56638257818211;0,556;6782;TRUE;NA;TRUE;NA
9;3;3;15;6;2;2;10;1,66666666666667;3,57046457865118;0,667;7576;TRUE;NA;TRUE;NA
9;3;3;15;6;2;3;11;1,33333333333333;3,57182304116998;0,667;8072;TRUE;NA;TRUE;NA
9;3;3;15;6;3;3;12;1;3,57318150368877;0,667;8454;TRUE;NA;TRUE;NA
9;3;3;15;7;3;3;13;0,444444444444444;3,57453996620757;0,778;8740;TRUE;NA;TRUE;NA
9;3;3;15;8;3;3;14;0,111111111111111;3,57499205346942;0,889;8885;TRUE;NA;TRUE;NA
9;3;3;15;9;3;3;15;0;3,5751425050936;1;8937;TRUE;NA;TRUE;NA
9;4;2;15;0;0;0;0;15;0;0;8;TRUE;NA;TRUE;NA
9;4;2;15;0;0;1;1;13,5;1;0;94;TRUE;NA;TRUE;NA
9;4;2;15;0;1;1;2;11,75;2;0;401;TRUE;NA;TRUE;NA
9;4;2;15;1;1;1;3;9,86111111111111;3;0,111;1089;TRUE;NA;TRUE;NA
9;4;2;15;2;1;1;4;8,19444444444444;3,33279332745973;0,222;1965;TRUE;NA;TRUE;NA
9;4;2;15;3;1;1;5;6,75;3,44354472626144;0,25;2979;TRUE;NA;TRUE;NA
9;4;2;15;3;2;1;6;5,5;3,52766348830097;0,333;3879;TRUE;NA;TRUE;NA
9;4;2;15;4;2;1;7;4,27777777777778;3,56452081482901;0,444;4988;TRUE;NA;TRUE;NA
9;4;2;15;5;2;1;8;3,27777777777778;3,57678668716555;0,5;6044;TRUE;NA;FALSE;6648
9;4;2;15;5;2;2;9;2,77777777777778;3,58386265329261;0,5;6781;TRUE;NA;TRUE;NA
9;4;2;15;5;3;2;10;2,02777777777778;3,59093861941967;0,556;7460;TRUE;NA;TRUE;NA
9;4;2;15;6;3;2;11;1,25;3,59502061988874;0,667;8086;TRUE;NA;TRUE;NA
9;4;2;15;7;3;2;12;0,694444444444444;3,59637908240754;0,75;8518;TRUE;NA;TRUE;NA
9;4;2;15;7;4;2;13;0,444444444444444;3,59697430391838;0,778;8747;TRUE;NA;FALSE;8899
9;4;2;15;8;4;2;14;0,111111111111111;3,59742639118024;0,889;8888;TRUE;NA;TRUE;NA
9;4;2;15;9;4;2;15;0;3,59757684280441;1;8938;TRUE;NA;TRUE;NA
9;5;1;15;0;0;0;0;15;0;0;7;TRUE;NA;TRUE;NA
9;5;1;15;0;0;1;1;14;1;0;93;TRUE;NA;TRUE;NA
9;5;1;15;0;1;1;2;12,2;2;0;400;TRUE;NA;TRUE;NA
9;5;1;15;1;1;1;3;10,3111111111111;3;0,111;1088;TRUE;NA;TRUE;NA
9;5;1;15;2;1;1;4;8,64444444444445;3,33279332745973;0,2;1964;TRUE;NA;TRUE;NA
9;5;1;15;2;2;1;5;7,24444444444444;3,47080451666895;0,222;2784;TRUE;NA;FALSE;4071
9;5;1;15;3;2;1;6;5,8;3,58155591547067;0,333;3878;TRUE;NA;TRUE;NA
9;5;1;15;4;2;1;7;4,57777777777778;3,61841324199871;0,4;4987;TRUE;NA;TRUE;NA
9;5;1;15;4;3;1;8;3,57777777777778;3,63746033034566;0,444;5871;TRUE;NA;TRUE;NA
9;5;1;15;5;3;1;9;2,57777777777778;3,6497262026822;0,556;6825;TRUE;NA;TRUE;NA
9;5;1;15;6;3;1;10;1,8;3,65380820315127;0,6;7609;TRUE;NA;TRUE;NA
9;5;1;15;6;4;1;11;1,2;3,656436914465;0,667;8113;TRUE;NA;TRUE;NA
9;5;1;15;7;4;1;12;0,644444444444444;3,6577953769838;0,778;8535;TRUE;NA;TRUE;NA
9;5;1;15;8;4;1;13;0,311111111111111;3,65824746424566;0,8;8784;TRUE;NA;TRUE;NA
9;5;1;15;8;5;1;14;0,111111111111111;3,65861025582015;0,889;8892;TRUE;NA;TRUE;NA
9;5;1;15;9;5;1;15;0;3,65876070744433;1;8939;TRUE;NA;TRUE;NA
10;3;2;15;0;0;0;0;15;0;0;6;TRUE;NA;TRUE;NA
10;3;2;15;0;0;1;1;13,5;1;0;92;TRUE;NA;TRUE;NA
10;3;2;15;0;1;1;2;11,8333333333333;2;0;399;TRUE;NA;TRUE;NA
10;3;2;15;1;1;1;3;9,93333333333334;3;0,1;1087;TRUE;NA;TRUE;NA
10;3;2;15;2;1;1;4;8,23333333333333;3,37149857228424;0,2;1963;TRUE;NA;TRUE;NA
10;3;2;15;3;1;1;5;6,73333333333333;3,50950976149346;0,3;2977;TRUE;NA;TRUE;NA
10;3;2;15;4;1;1;6;5,43333333333333;3,56078072124394;0,333;4070;TRUE;NA;TRUE;NA
10;3;2;15;4;2;1;7;4,43333333333333;3,59763804777198;0,4;4986;TRUE;NA;TRUE;NA
10;3;2;15;5;2;1;8;3,33333333333333;3,61668513611893;0,5;6042;TRUE;NA;TRUE;NA
10;3;2;15;5;2;2;9;2,83333333333333;3,62376110224599;0,5;6780;TRUE;NA;TRUE;NA
10;3;2;15;6;2;2;10;1,93333333333333;3,63083706837305;0,6;7574;TRUE;NA;TRUE;NA
10;3;2;15;7;2;2;11;1,23333333333333;3,63346577968679;0,667;8169;TRUE;NA;TRUE;NA
10;3;2;15;7;3;2;12;0,9;3,63482424220558;0,7;8517;TRUE;NA;TRUE;NA
10;3;2;15;8;3;2;13;0,4;3,63580080470558;0,8;8774;TRUE;NA;TRUE;NA
10;3;2;15;9;3;2;14;0,1;3,63616359628008;0,9;8898;TRUE;NA;TRUE;NA
10;3;2;15;10;3;2;15;0;3,63629837283204;1;8940;TRUE;NA;TRUE;NA
10;4;1;15;0;0;0;0;15;0;0;5;TRUE;NA;TRUE;NA
10;4;1;15;0;0;1;1;14;1;0;91;TRUE;NA;TRUE;NA
10;4;1;15;0;1;1;2;12,25;2;0;398;TRUE;NA;TRUE;NA
10;4;1;15;1;1;1;3;10,35;3;0,1;1086;TRUE;NA;TRUE;NA
10;4;1;15;2;1;1;4;8,65;3,37149857228424;0,2;1962;TRUE;NA;TRUE;NA
10;4;1;15;3;1;1;5;7,15;3,50950976149346;0,25;2976;TRUE;NA;TRUE;NA
10;4;1;15;3;2;1;6;5,9;3,59362852353299;0,3;3876;TRUE;NA;TRUE;NA
10;4;1;15;4;2;1;7;4,6;3,64489948328346;0,4;4985;TRUE;NA;TRUE;NA
10;4;1;15;5;2;1;8;3,5;3,66394657163041;0,5;6041;TRUE;NA;TRUE;NA
10;4;1;15;5;3;1;9;2,75;3,67102253775747;0,5;6823;TRUE;NA;TRUE;NA
10;4;1;15;6;3;1;10;1,85;3,67809850388453;0,6;7607;TRUE;NA;TRUE;NA
10;4;1;15;7;3;1;11;1,15;3,68072721519827;0,7;8191;TRUE;NA;TRUE;NA
10;4;1;15;8;3;1;12;0,65;3,68170377769827;0,75;8581;TRUE;NA;TRUE;NA
10;4;1;15;8;4;1;13;0,4;3,68229899920911;0,8;8783;TRUE;NA;TRUE;NA
10;4;1;15;9;4;1;14;0,1;3,68266179078361;0,9;8902;TRUE;NA;TRUE;NA
10;4;1;15;10;4;1;15;0;3,68279656733557;1;8941;TRUE;NA;TRUE;NA
11;2;2;15;0;0;0;0;15;0;0;4;TRUE;NA;TRUE;NA
11;2;2;15;0;0;1;1;13,5;1;0;90;TRUE;NA;TRUE;NA
11;2;2;15;0;1;1;2;12;2;0;397;TRUE;NA;TRUE;NA
11;2;2;15;1;1;1;3;10,0909090909091;3;0,091;1085;TRUE;NA;TRUE;NA
11;2;2;15;2;1;1;4;8,36363636363636;3,40649195398527;0,182;1961;TRUE;NA;TRUE;NA
11;2;2;15;3;1;1;5;6,81818181818182;3,57172766264002;0,273;2975;TRUE;NA;TRUE;NA
11;2;2;15;4;1;1;6;5,45454545454545;3,63889464871924;0,364;4068;TRUE;NA;TRUE;NA
11;2;2;15;5;1;1;7;4,27272727272727;3,66619748813388;0,455;5170;TRUE;NA;TRUE;NA
11;2;2;15;6;1;1;8;3,27272727272727;3,67729587267688;0,5;6204;TRUE;NA;FALSE;6779
11;2;2;15;6;1;2;9;2,77272727272727;3,68437183880394;0,5;6933;TRUE;NA;TRUE;NA
11;2;2;15;6;2;2;10;2,27272727272727;3,69144780493101;0,545;7573;TRUE;NA;TRUE;NA
11;2;2;15;7;2;2;11;1,45454545454545;3,69595920894997;0,636;8168;TRUE;NA;TRUE;NA
11;2;2;15;8;2;2;12;0,818181818181818;3,69779305838486;0,727;8567;TRUE;NA;TRUE;NA
11;2;2;15;9;2;2;13;0,363636363636363;3,69853850342496;0,818;8798;TRUE;NA;TRUE;NA
11;2;2;15;10;2;2;14;0,090909090909091;3,6988415208359;0,909;8907;TRUE;NA;TRUE;NA
11;2;2;15;11;2;2;15;0;3,69896469497536;1;8942;TRUE;NA;TRUE;NA
11;3;1;15;0;0;0;0;15;0;0;3;TRUE;NA;TRUE;NA
11;3;1;15;0;0;1;1;14;1;0;89;TRUE;NA;TRUE;NA
11;3;1;15;0;1;1;2;12,3333333333333;2;0;396;TRUE;NA;TRUE;NA
11;3;1;15;1;1;1;3;10,4242424242424;3;0,091;1084;TRUE;NA;TRUE;NA
11;3;1;15;2;1;1;4;8,6969696969697;3,40649195398527;0,182;1960;TRUE;NA;TRUE;NA
11;3;1;15;3;1;1;5;7,15151515151515;3,57172766264002;0,273;2974;TRUE;NA;TRUE;NA
11;3;1;15;4;1;1;6;5,78787878787879;3,63889464871924;0,333;4067;TRUE;NA;TRUE;NA
11;3;1;15;4;2;1;7;4,78787878787879;3,67575197524728;0,364;4983;TRUE;NA;FALSE;6203
11;3;1;15;5;2;1;8;3,60606060606061;3,70305481466192;0,455;6039;TRUE;NA;TRUE;NA
11;3;1;15;6;2;1;9;2,60606060606061;3,71415319920492;0,545;6967;TRUE;NA;TRUE;NA
11;3;1;15;7;2;1;10;1,78787878787879;3,71866460322389;0,636;7713;TRUE;NA;TRUE;NA
11;3;1;15;8;2;1;11;1,15151515151515;3,72049845265878;0,667;8259;TRUE;NA;TRUE;NA
11;3;1;15;8;3;1;12;0,818181818181818;3,72185691517757;0,727;8580;TRUE;NA;TRUE;NA
11;3;1;15;9;3;1;13;0,363636363636363;3,72260236021767;0,818;8805;TRUE;NA;TRUE;NA
11;3;1;15;10;3;1;14;0,090909090909091;3,72290537762861;0,909;8910;TRUE;NA;TRUE;NA
11;3;1;15;11;3;1;15;0;3,72302855176808;1;8943;TRUE;NA;TRUE;NA
12;2;1;15;0;0;0;0;15;0;0;2;TRUE;NA;TRUE;NA
12;2;1;15;0;0;1;1;14;1;0;88;TRUE;NA;TRUE;NA
12;2;1;15;0;1;1;2;12,5;2;0;395;TRUE;NA;TRUE;NA
12;2;1;15;1;1;1;3;10,5833333333333;3;0,083;1083;TRUE;NA;TRUE;NA
12;2;1;15;2;1;1;4;8,83333333333333;3,43815821386822;0,167;1959;TRUE;NA;TRUE;NA
12;2;1;15;3;1;1;5;7,25;3,6301408342484;0,25;2973;TRUE;NA;TRUE;NA
12;2;1;15;4;1;1;6;5,83333333333333;3,71425959628793;0,333;4066;TRUE;NA;TRUE;NA
12;2;1;15;5;1;1;7;4,58333333333333;3,75111692281597;0,417;5168;TRUE;NA;TRUE;NA
12;2;1;15;6;1;1;8;3,5;3,76726626317545;0,5;6202;TRUE;NA;TRUE;NA
12;2;1;15;6;2;1;9;3;3,77434222930251;0,5;6966;TRUE;NA;TRUE;NA
12;2;1;15;7;2;1;10;2,08333333333333;3,78141819542958;0,583;7712;TRUE;NA;TRUE;NA
12;2;1;15;8;2;1;11;1,33333333333333;3,7845185881092;0,667;8258;TRUE;NA;TRUE;NA
12;2;1;15;9;2;1;12;0,75;3,785877050628;0,75;8617;TRUE;NA;TRUE;NA
12;2;1;15;10;2;1;13;0,333333333333333;3,78647227213884;0,833;8822;TRUE;NA;TRUE;NA
12;2;1;15;11;2;1;14;0,0833333333333334;3,78673307333289;0,917;8916;TRUE;NA;TRUE;NA
12;2;1;15;12;2;1;15;0;3,78684734551824;1;8944;TRUE;NA;TRUE;NA
13;1;1;15;0;0;0;0;15;0;0;1;TRUE;NA;TRUE;NA
13;1;1;15;1;0;0;1;13,0769230769231;1;0;259;TRUE;NA;TRUE;NA
13;1;1;15;0;1;1;2;13;2;0;394;TRUE;NA;TRUE;NA
13;1;1;15;1;1;1;3;11,0769230769231;3;0,077;1082;TRUE;NA;TRUE;NA
13;1;1;15;2;1;1;4;9,30769230769231;3,46687197684361;0,154;1958;TRUE;NA;TRUE;NA
13;1;1;15;3;1;1;5;7,69230769230769;3,68484141960547;0,231;2972;TRUE;NA;TRUE;NA
13;1;1;15;4;1;1;6;6,23076923076923;3,7866052442392;0,308;4065;TRUE;NA;TRUE;NA
13;1;1;15;5;1;1;7;4,92307692307692;3,83411592221712;0,385;5167;TRUE;NA;TRUE;NA
13;1;1;15;6;1;1;8;3,76923076923077;3,85629732636585;0,462;6201;TRUE;NA;TRUE;NA
13;1;1;15;7;1;1;9;2,76923076923077;3,86665320236993;0,538;7093;TRUE;NA;TRUE;NA
13;1;1;15;8;1;1;10;1,92307692307692;3,87148807067191;0,615;7800;TRUE;NA;TRUE;NA
13;1;1;15;9;1;1;11;1,23076923076923;3,87374533519383;0,692;8312;TRUE;NA;TRUE;NA
13;1;1;15;10;1;1;12;0,692307692307692;3,87479918874344;0,769;8647;TRUE;NA;TRUE;NA
13;1;1;15;11;1;1;13;0,307692307692308;3,87529120343345;0,846;8836;TRUE;NA;TRUE;NA
13;1;1;15;12;1;1;14;0,0769230769230768;3,87552091130441;0,923;8921;TRUE;NA;TRUE;NA
13;1;1;15;13;1;1;15;0;3,87562815547222;1;8945;TRUE;NA;TRUE;NA
